"flu_season","year_week","influenza_viruses","number_samples","number_sequenced","number_detections_influenza_viruses"
"2012-2013","2012-46","FLU A",1,2,0
"2012-2013","2012-46","A",1,0,0
"2012-2013","2012-46","A(H3N2)",1,1,0
"2012-2013","2012-46","A(H1N1) pdm09",1,1,0
"2012-2013","2012-46","FLU B",1,0,0
"2012-2013","2012-47","FLU A",52,1,0
"2012-2013","2012-47","A",52,0,0
"2012-2013","2012-47","A(H3N2)",52,0,0
"2012-2013","2012-47","A(H1N1) pdm09",52,1,0
"2012-2013","2012-47","FLU B",52,0,0
"2012-2013","2012-48","FLU A",0,2,0
"2012-2013","2012-48","A",0,0,0
"2012-2013","2012-48","A(H3N2)",0,2,0
"2012-2013","2012-48","A(H1N1) pdm09",0,0,0
"2012-2013","2012-48","FLU B",0,4,0
"2012-2013","2012-49","FLU A",55,0,0
"2012-2013","2012-49","A",55,0,0
"2012-2013","2012-49","A(H3N2)",55,0,0
"2012-2013","2012-49","A(H1N1) pdm09",55,0,0
"2012-2013","2012-49","FLU B",55,1,0
"2012-2013","2012-50","FLU A",70,3,0
"2012-2013","2012-50","A",70,1,0
"2012-2013","2012-50","A(H3N2)",70,1,0
"2012-2013","2012-50","A(H1N1) pdm09",70,1,0
"2012-2013","2012-50","FLU B",70,10,0
"2012-2013","2012-51","FLU A",68,1,0
"2012-2013","2012-51","A",68,0,0
"2012-2013","2012-51","A(H3N2)",68,1,0
"2012-2013","2012-51","A(H1N1) pdm09",68,0,0
"2012-2013","2012-51","FLU B",68,10,0
"2012-2013","2012-52","FLU A",20,2,0
"2012-2013","2012-52","A",20,0,0
"2012-2013","2012-52","A(H3N2)",20,1,0
"2012-2013","2012-52","A(H1N1) pdm09",20,1,0
"2012-2013","2012-52","FLU B",20,10,0
"2012-2013","2013-01","FLU A",57,18,0
"2012-2013","2013-01","A",57,1,0
"2012-2013","2013-01","A(H3N2)",57,6,0
"2012-2013","2013-01","A(H1N1) pdm09",57,11,0
"2012-2013","2013-01","FLU B",57,23,0
"2012-2013","2013-02","FLU A",195,31,0
"2012-2013","2013-02","A",195,2,0
"2012-2013","2013-02","A(H3N2)",195,4,0
"2012-2013","2013-02","A(H1N1) pdm09",195,25,0
"2012-2013","2013-02","FLU B",195,28,0
"2012-2013","2013-03","FLU A",267,41,0
"2012-2013","2013-03","A",267,3,0
"2012-2013","2013-03","A(H3N2)",267,3,0
"2012-2013","2013-03","A(H1N1) pdm09",267,35,0
"2012-2013","2013-03","FLU B",267,55,0
"2012-2013","2013-04","FLU A",297,43,0
"2012-2013","2013-04","A",297,2,0
"2012-2013","2013-04","A(H3N2)",297,7,0
"2012-2013","2013-04","A(H1N1) pdm09",297,34,0
"2012-2013","2013-04","FLU B",297,91,0
"2012-2013","2013-05","FLU A",374,82,0
"2012-2013","2013-05","A",374,5,0
"2012-2013","2013-05","A(H3N2)",374,10,0
"2012-2013","2013-05","A(H1N1) pdm09",374,67,0
"2012-2013","2013-05","FLU B",374,145,0
"2012-2013","2013-06","FLU A",379,92,0
"2012-2013","2013-06","A",379,6,0
"2012-2013","2013-06","A(H3N2)",379,8,0
"2012-2013","2013-06","A(H1N1) pdm09",379,78,0
"2012-2013","2013-06","FLU B",379,163,0
"2012-2013","2013-07","FLU A",467,105,0
"2012-2013","2013-07","A",467,0,0
"2012-2013","2013-07","A(H3N2)",467,5,0
"2012-2013","2013-07","A(H1N1) pdm09",467,100,0
"2012-2013","2013-07","FLU B",467,155,0
"2012-2013","2013-08","FLU A",380,83,0
"2012-2013","2013-08","A",380,6,0
"2012-2013","2013-08","A(H3N2)",380,9,0
"2012-2013","2013-08","A(H1N1) pdm09",380,68,0
"2012-2013","2013-08","FLU B",380,189,0
"2012-2013","2013-09","FLU A",351,121,0
"2012-2013","2013-09","A",351,10,0
"2012-2013","2013-09","A(H3N2)",351,11,0
"2012-2013","2013-09","A(H1N1) pdm09",351,100,0
"2012-2013","2013-09","FLU B",351,125,0
"2012-2013","2013-10","FLU A",304,107,0
"2012-2013","2013-10","A",304,9,0
"2012-2013","2013-10","A(H3N2)",304,20,0
"2012-2013","2013-10","A(H1N1) pdm09",304,78,0
"2012-2013","2013-10","FLU B",304,85,0
"2012-2013","2013-11","FLU A",273,66,0
"2012-2013","2013-11","A",273,7,0
"2012-2013","2013-11","A(H3N2)",273,11,0
"2012-2013","2013-11","A(H1N1) pdm09",273,48,0
"2012-2013","2013-11","FLU B",273,55,0
"2012-2013","2013-12","FLU A",257,45,0
"2012-2013","2013-12","A",257,0,0
"2012-2013","2013-12","A(H3N2)",257,7,0
"2012-2013","2013-12","A(H1N1) pdm09",257,38,0
"2012-2013","2013-12","FLU B",257,46,0
"2012-2013","2013-13","FLU A",104,35,0
"2012-2013","2013-13","A",104,8,0
"2012-2013","2013-13","A(H3N2)",104,6,0
"2012-2013","2013-13","A(H1N1) pdm09",104,21,0
"2012-2013","2013-13","FLU B",104,21,0
"2012-2013","2013-14","FLU A",94,10,0
"2012-2013","2013-14","A",94,2,0
"2012-2013","2013-14","A(H3N2)",94,2,0
"2012-2013","2013-14","A(H1N1) pdm09",94,6,0
"2012-2013","2013-14","FLU B",94,9,0
"2012-2013","2013-15","FLU A",90,4,0
"2012-2013","2013-15","A",90,1,0
"2012-2013","2013-15","A(H3N2)",90,1,0
"2012-2013","2013-15","A(H1N1) pdm09",90,2,0
"2012-2013","2013-15","FLU B",90,0,0
"2012-2013","2013-16","FLU A",53,2,0
"2012-2013","2013-16","A",53,1,0
"2012-2013","2013-16","A(H3N2)",53,0,0
"2012-2013","2013-16","A(H1N1) pdm09",53,1,0
"2012-2013","2013-16","FLU B",53,1,0
"2012-2013","2013-17","FLU A",70,1,0
"2012-2013","2013-17","A",70,1,0
"2012-2013","2013-17","A(H3N2)",70,0,0
"2012-2013","2013-17","A(H1N1) pdm09",70,0,0
"2012-2013","2013-17","FLU B",70,0,0
"2013-2014","2013-46","FLU A",133,0,0
"2013-2014","2013-46","A",133,0,0
"2013-2014","2013-46","A(H3N2)",133,0,0
"2013-2014","2013-46","A(H1N1) pdm09",133,0,0
"2013-2014","2013-46","FLU B",133,0,0
"2013-2014","2013-47","FLU A",64,0,0
"2013-2014","2013-47","A",64,0,0
"2013-2014","2013-47","A(H3N2)",64,0,0
"2013-2014","2013-47","A(H1N1) pdm09",64,0,0
"2013-2014","2013-47","FLU B",64,0,0
"2013-2014","2013-48","FLU A",24,2,0
"2013-2014","2013-48","A",24,0,0
"2013-2014","2013-48","A(H3N2)",24,2,0
"2013-2014","2013-48","A(H1N1) pdm09",24,0,0
"2013-2014","2013-48","FLU B",24,0,0
"2013-2014","2013-49","FLU A",65,6,0
"2013-2014","2013-49","A",65,0,0
"2013-2014","2013-49","A(H3N2)",65,6,0
"2013-2014","2013-49","A(H1N1) pdm09",65,0,0
"2013-2014","2013-49","FLU B",65,0,0
"2013-2014","2013-50","FLU A",65,9,0
"2013-2014","2013-50","A",65,0,0
"2013-2014","2013-50","A(H3N2)",65,9,0
"2013-2014","2013-50","A(H1N1) pdm09",65,0,0
"2013-2014","2013-50","FLU B",65,0,0
"2013-2014","2013-51","FLU A",87,10,0
"2013-2014","2013-51","A",87,0,0
"2013-2014","2013-51","A(H3N2)",87,8,0
"2013-2014","2013-51","A(H1N1) pdm09",87,2,0
"2013-2014","2013-51","FLU B",87,0,0
"2013-2014","2013-52","FLU A",51,10,0
"2013-2014","2013-52","A",51,0,0
"2013-2014","2013-52","A(H3N2)",51,10,0
"2013-2014","2013-52","A(H1N1) pdm09",51,0,0
"2013-2014","2013-52","FLU B",51,1,0
"2013-2014","2014-01","FLU A",51,20,0
"2013-2014","2014-01","A",80,1,0
"2013-2014","2014-01","A(H3N2)",80,16,0
"2013-2014","2014-01","A(H1N1) pdm09",80,3,0
"2013-2014","2014-01","FLU B",80,0,0
"2013-2014","2014-02","FLU A",169,34,0
"2013-2014","2014-02","A",169,1,0
"2013-2014","2014-02","A(H3N2)",169,21,0
"2013-2014","2014-02","A(H1N1) pdm09",169,12,0
"2013-2014","2014-02","FLU B",169,1,0
"2013-2014","2014-03","FLU A",0,63,0
"2013-2014","2014-03","A",0,6,0
"2013-2014","2014-03","A(H3N2)",0,42,0
"2013-2014","2014-03","A(H1N1) pdm09",0,15,0
"2013-2014","2014-03","FLU B",0,3,0
"2013-2014","2014-04","FLU A",211,68,0
"2013-2014","2014-04","A",211,3,0
"2013-2014","2014-04","A(H3N2)",211,41,0
"2013-2014","2014-04","A(H1N1) pdm09",211,24,0
"2013-2014","2014-04","FLU B",211,3,0
"2013-2014","2014-05","FLU A",227,95,0
"2013-2014","2014-05","A",227,5,0
"2013-2014","2014-05","A(H3N2)",227,62,0
"2013-2014","2014-05","A(H1N1) pdm09",227,28,0
"2013-2014","2014-05","FLU B",227,1,0
"2013-2014","2014-06","FLU A",296,143,0
"2013-2014","2014-06","A",296,11,0
"2013-2014","2014-06","A(H3N2)",296,81,0
"2013-2014","2014-06","A(H1N1) pdm09",296,51,0
"2013-2014","2014-06","FLU B",296,6,0
"2013-2014","2014-07","FLU A",241,103,0
"2013-2014","2014-07","A",241,3,0
"2013-2014","2014-07","A(H3N2)",241,54,0
"2013-2014","2014-07","A(H1N1) pdm09",241,46,0
"2013-2014","2014-07","FLU B",241,4,0
"2013-2014","2014-08","FLU A",310,117,0
"2013-2014","2014-08","A",310,7,0
"2013-2014","2014-08","A(H3N2)",310,67,0
"2013-2014","2014-08","A(H1N1) pdm09",310,43,0
"2013-2014","2014-08","FLU B",310,3,0
"2013-2014","2014-09","FLU A",200,107,0
"2013-2014","2014-09","A",200,13,0
"2013-2014","2014-09","A(H3N2)",200,52,0
"2013-2014","2014-09","A(H1N1) pdm09",200,42,0
"2013-2014","2014-09","FLU B",200,4,0
"2013-2014","2014-10","FLU A",246,74,0
"2013-2014","2014-10","A",246,5,0
"2013-2014","2014-10","A(H3N2)",246,45,0
"2013-2014","2014-10","A(H1N1) pdm09",246,24,0
"2013-2014","2014-10","FLU B",246,6,0
"2013-2014","2014-11","FLU A",179,56,0
"2013-2014","2014-11","A",179,4,0
"2013-2014","2014-11","A(H3N2)",179,26,0
"2013-2014","2014-11","A(H1N1) pdm09",179,26,0
"2013-2014","2014-11","FLU B",179,2,0
"2013-2014","2014-12","FLU A",132,32,0
"2013-2014","2014-12","A",132,3,0
"2013-2014","2014-12","A(H3N2)",132,18,0
"2013-2014","2014-12","A(H1N1) pdm09",132,11,0
"2013-2014","2014-12","FLU B",132,0,0
"2013-2014","2014-13","FLU A",130,28,0
"2013-2014","2014-13","A",130,3,0
"2013-2014","2014-13","A(H3N2)",130,13,0
"2013-2014","2014-13","A(H1N1) pdm09",130,12,0
"2013-2014","2014-13","FLU B",130,0,0
"2013-2014","2014-14","FLU A",81,14,0
"2013-2014","2014-14","A",81,3,0
"2013-2014","2014-14","A(H3N2)",81,6,0
"2013-2014","2014-14","A(H1N1) pdm09",81,5,0
"2013-2014","2014-14","FLU B",81,0,0
"2013-2014","2014-15","FLU A",77,3,0
"2013-2014","2014-15","A",77,0,0
"2013-2014","2014-15","A(H3N2)",77,1,0
"2013-2014","2014-15","A(H1N1) pdm09",77,2,0
"2013-2014","2014-15","FLU B",77,0,0
"2013-2014","2014-16","FLU A",52,5,0
"2013-2014","2014-16","A",52,1,0
"2013-2014","2014-16","A(H3N2)",52,2,0
"2013-2014","2014-16","A(H1N1) pdm09",52,2,0
"2013-2014","2014-16","FLU B",52,0,0
"2013-2014","2014-17","FLU A",48,0,0
"2013-2014","2014-17","A",48,0,0
"2013-2014","2014-17","A(H3N2)",48,0,0
"2013-2014","2014-17","A(H1N1) pdm09",48,0,0
"2013-2014","2014-17","FLU B",48,0,0
"2014-2015","2014-46","FLU A",66,1,0
"2014-2015","2014-46","A",66,0,0
"2014-2015","2014-46","A(H3N2)",66,1,0
"2014-2015","2014-46","A(H1N1) pdm09",66,0,0
"2014-2015","2014-46","FLU B",66,0,0
"2014-2015","2014-47","FLU A",58,4,0
"2014-2015","2014-47","A",58,0,0
"2014-2015","2014-47","A(H3N2)",58,1,0
"2014-2015","2014-47","A(H1N1) pdm09",58,3,0
"2014-2015","2014-47","FLU B",58,0,0
"2014-2015","2014-48","FLU A",60,0,0
"2014-2015","2014-48","A",60,0,0
"2014-2015","2014-48","A(H3N2)",60,0,0
"2014-2015","2014-48","A(H1N1) pdm09",60,0,0
"2014-2015","2014-48","FLU B",60,0,0
"2014-2015","2014-49","FLU A",85,6,0
"2014-2015","2014-49","A",85,0,0
"2014-2015","2014-49","A(H3N2)",85,2,0
"2014-2015","2014-49","A(H1N1) pdm09",85,4,0
"2014-2015","2014-49","FLU B",85,0,0
"2014-2015","2014-50","FLU A",85,15,0
"2014-2015","2014-50","A",85,1,0
"2014-2015","2014-50","A(H3N2)",85,5,0
"2014-2015","2014-50","A(H1N1) pdm09",85,9,0
"2014-2015","2014-50","FLU B",85,2,0
"2014-2015","2014-51","FLU A",132,40,0
"2014-2015","2014-51","A",132,2,0
"2014-2015","2014-51","A(H3N2)",132,11,0
"2014-2015","2014-51","A(H1N1) pdm09",132,27,0
"2014-2015","2014-51","FLU B",132,0,0
"2014-2015","2014-52","FLU A",51,25,0
"2014-2015","2014-52","A",51,0,0
"2014-2015","2014-52","A(H3N2)",51,7,0
"2014-2015","2014-52","A(H1N1) pdm09",51,18,0
"2014-2015","2014-52","FLU B",51,2,0
"2014-2015","2015-01","FLU A",174,85,0
"2014-2015","2015-01","A",174,10,0
"2014-2015","2015-01","A(H3N2)",174,12,0
"2014-2015","2015-01","A(H1N1) pdm09",174,63,0
"2014-2015","2015-01","FLU B",174,5,0
"2014-2015","2015-02","FLU A",377,186,0
"2014-2015","2015-02","A",377,12,0
"2014-2015","2015-02","A(H3N2)",377,29,0
"2014-2015","2015-02","A(H1N1) pdm09",377,145,0
"2014-2015","2015-02","FLU B",377,7,0
"2014-2015","2015-03","FLU A",617,384,0
"2014-2015","2015-03","A",617,11,0
"2014-2015","2015-03","A(H3N2)",617,108,0
"2014-2015","2015-03","A(H1N1) pdm09",617,265,0
"2014-2015","2015-03","FLU B",617,17,0
"2014-2015","2015-04","FLU A",878,514,0
"2014-2015","2015-04","A",878,36,0
"2014-2015","2015-04","A(H3N2)",878,158,0
"2014-2015","2015-04","A(H1N1) pdm09",878,320,0
"2014-2015","2015-04","FLU B",878,19,0
"2014-2015","2015-05","FLU A",835,486,0
"2014-2015","2015-05","A",835,23,0
"2014-2015","2015-05","A(H3N2)",835,206,0
"2014-2015","2015-05","A(H1N1) pdm09",835,257,0
"2014-2015","2015-05","FLU B",835,40,0
"2014-2015","2015-06","FLU A",762,438,0
"2014-2015","2015-06","A",762,27,0
"2014-2015","2015-06","A(H3N2)",762,212,0
"2014-2015","2015-06","A(H1N1) pdm09",762,199,0
"2014-2015","2015-06","FLU B",762,47,0
"2014-2015","2015-07","FLU A",841,332,0
"2014-2015","2015-07","A",841,25,0
"2014-2015","2015-07","A(H3N2)",841,179,0
"2014-2015","2015-07","A(H1N1) pdm09",841,128,0
"2014-2015","2015-07","FLU B",841,45,0
"2014-2015","2015-08","FLU A",702,220,0
"2014-2015","2015-08","A",702,18,0
"2014-2015","2015-08","A(H3N2)",702,137,0
"2014-2015","2015-08","A(H1N1) pdm09",702,65,0
"2014-2015","2015-08","FLU B",702,45,0
"2014-2015","2015-09","FLU A",556,137,0
"2014-2015","2015-09","A",556,19,0
"2014-2015","2015-09","A(H3N2)",556,88,0
"2014-2015","2015-09","A(H1N1) pdm09",556,30,0
"2014-2015","2015-09","FLU B",556,64,0
"2014-2015","2015-10","FLU A",438,94,0
"2014-2015","2015-10","A",438,13,0
"2014-2015","2015-10","A(H3N2)",438,49,0
"2014-2015","2015-10","A(H1N1) pdm09",438,32,0
"2014-2015","2015-10","FLU B",438,70,0
"2014-2015","2015-11","FLU A",321,54,0
"2014-2015","2015-11","A",321,11,0
"2014-2015","2015-11","A(H3N2)",321,27,0
"2014-2015","2015-11","A(H1N1) pdm09",321,16,0
"2014-2015","2015-11","FLU B",321,61,0
"2014-2015","2015-12","FLU A",267,34,0
"2014-2015","2015-12","A",267,5,0
"2014-2015","2015-12","A(H3N2)",267,21,0
"2014-2015","2015-12","A(H1N1) pdm09",267,8,0
"2014-2015","2015-12","FLU B",267,51,0
"2014-2015","2015-13","FLU A",278,29,0
"2014-2015","2015-13","A",278,7,0
"2014-2015","2015-13","A(H3N2)",278,15,0
"2014-2015","2015-13","A(H1N1) pdm09",278,7,0
"2014-2015","2015-13","FLU B",278,50,0
"2014-2015","2015-14","FLU A",183,15,0
"2014-2015","2015-14","A",183,2,0
"2014-2015","2015-14","A(H3N2)",183,9,0
"2014-2015","2015-14","A(H1N1) pdm09",183,4,0
"2014-2015","2015-14","FLU B",183,35,0
"2014-2015","2015-15","FLU A",149,6,0
"2014-2015","2015-15","A",149,3,0
"2014-2015","2015-15","A(H3N2)",149,2,0
"2014-2015","2015-15","A(H1N1) pdm09",149,1,0
"2014-2015","2015-15","FLU B",149,22,0
"2014-2015","2015-16","FLU A",142,6,0
"2014-2015","2015-16","A",142,1,0
"2014-2015","2015-16","A(H3N2)",142,1,0
"2014-2015","2015-16","A(H1N1) pdm09",142,4,0
"2014-2015","2015-16","FLU B",142,15,0
"2014-2015","2015-17","FLU A",105,1,0
"2014-2015","2015-17","A",105,0,0
"2014-2015","2015-17","A(H3N2)",105,0,0
"2014-2015","2015-17","A(H1N1) pdm09",105,1,0
"2014-2015","2015-17","FLU B",105,3,0
"2015-2016","2015-46","FLU A",101,0,0
"2015-2016","2015-46","A",101,0,0
"2015-2016","2015-46","A(H3N2)",101,0,0
"2015-2016","2015-46","A(H1N1) pdm09",101,0,0
"2015-2016","2015-46","FLU B",101,0,0
"2015-2016","2015-47","FLU A",111,0,0
"2015-2016","2015-47","A",111,0,0
"2015-2016","2015-47","A(H3N2)",111,0,0
"2015-2016","2015-47","A(H1N1) pdm09",111,0,0
"2015-2016","2015-47","FLU B",111,0,0
"2015-2016","2015-48","FLU A",114,1,0
"2015-2016","2015-48","A",114,0,0
"2015-2016","2015-48","A(H3N2)",114,1,0
"2015-2016","2015-48","A(H1N1) pdm09",114,0,0
"2015-2016","2015-48","FLU B",114,0,0
"2015-2016","2015-49","FLU A",146,2,0
"2015-2016","2015-49","A",146,1,0
"2015-2016","2015-49","A(H3N2)",146,1,0
"2015-2016","2015-49","A(H1N1) pdm09",146,0,0
"2015-2016","2015-49","FLU B",146,2,0
"2015-2016","2015-50","FLU A",150,3,0
"2015-2016","2015-50","A",150,0,0
"2015-2016","2015-50","A(H3N2)",150,2,0
"2015-2016","2015-50","A(H1N1) pdm09",150,1,0
"2015-2016","2015-50","FLU B",150,0,0
"2015-2016","2015-51","FLU A",166,6,0
"2015-2016","2015-51","A",166,0,0
"2015-2016","2015-51","A(H3N2)",166,2,0
"2015-2016","2015-51","A(H1N1) pdm09",166,4,0
"2015-2016","2015-51","FLU B",166,1,0
"2015-2016","2015-52","FLU A",116,10,0
"2015-2016","2015-52","A",116,0,0
"2015-2016","2015-52","A(H3N2)",116,3,0
"2015-2016","2015-52","A(H1N1) pdm09",116,7,0
"2015-2016","2015-52","FLU B",116,0,0
"2015-2016","2015-53","FLU A",123,11,0
"2015-2016","2015-53","A",123,1,0
"2015-2016","2015-53","A(H3N2)",123,6,0
"2015-2016","2015-53","A(H1N1) pdm09",123,4,0
"2015-2016","2015-53","FLU B",123,0,0
"2015-2016","2016-01","FLU A",210,11,0
"2015-2016","2016-01","A",210,2,0
"2015-2016","2016-01","A(H3N2)",210,6,0
"2015-2016","2016-01","A(H1N1) pdm09",210,3,0
"2015-2016","2016-01","FLU B",210,3,0
"2015-2016","2016-02","FLU A",255,27,0
"2015-2016","2016-02","A",255,5,0
"2015-2016","2016-02","A(H3N2)",255,7,0
"2015-2016","2016-02","A(H1N1) pdm09",255,15,0
"2015-2016","2016-02","FLU B",255,19,0
"2015-2016","2016-03","FLU A",307,30,0
"2015-2016","2016-03","A",307,1,0
"2015-2016","2016-03","A(H3N2)",307,13,0
"2015-2016","2016-03","A(H1N1) pdm09",307,16,0
"2015-2016","2016-03","FLU B",307,34,0
"2015-2016","2016-04","FLU A",463,78,0
"2015-2016","2016-04","A",463,9,0
"2015-2016","2016-04","A(H3N2)",463,40,0
"2015-2016","2016-04","A(H1N1) pdm09",463,29,0
"2015-2016","2016-04","FLU B",463,102,0
"2015-2016","2016-05","FLU A",530,95,0
"2015-2016","2016-05","A",530,7,0
"2015-2016","2016-05","A(H3N2)",530,49,0
"2015-2016","2016-05","A(H1N1) pdm09",530,39,0
"2015-2016","2016-05","FLU B",530,133,0
"2015-2016","2016-06","FLU A",638,119,0
"2015-2016","2016-06","A",638,5,0
"2015-2016","2016-06","A(H3N2)",638,74,0
"2015-2016","2016-06","A(H1N1) pdm09",638,40,0
"2015-2016","2016-06","FLU B",638,137,0
"2015-2016","2016-07","FLU A",577,107,0
"2015-2016","2016-07","A",577,5,0
"2015-2016","2016-07","A(H3N2)",577,73,0
"2015-2016","2016-07","A(H1N1) pdm09",577,29,0
"2015-2016","2016-07","FLU B",577,154,0
"2015-2016","2016-08","FLU A",629,123,0
"2015-2016","2016-08","A",629,6,0
"2015-2016","2016-08","A(H3N2)",629,81,0
"2015-2016","2016-08","A(H1N1) pdm09",629,36,0
"2015-2016","2016-08","FLU B",629,197,0
"2015-2016","2016-09","FLU A",544,105,0
"2015-2016","2016-09","A",544,11,0
"2015-2016","2016-09","A(H3N2)",544,54,0
"2015-2016","2016-09","A(H1N1) pdm09",544,40,0
"2015-2016","2016-09","FLU B",544,152,0
"2015-2016","2016-10","FLU A",519,82,0
"2015-2016","2016-10","A",519,6,0
"2015-2016","2016-10","A(H3N2)",519,59,0
"2015-2016","2016-10","A(H1N1) pdm09",519,17,0
"2015-2016","2016-10","FLU B",519,110,0
"2015-2016","2016-11","FLU A",396,77,0
"2015-2016","2016-11","A",396,4,0
"2015-2016","2016-11","A(H3N2)",396,47,0
"2015-2016","2016-11","A(H1N1) pdm09",396,26,0
"2015-2016","2016-11","FLU B",396,116,0
"2015-2016","2016-12","FLU A",315,51,0
"2015-2016","2016-12","A",315,5,0
"2015-2016","2016-12","A(H3N2)",315,26,0
"2015-2016","2016-12","A(H1N1) pdm09",315,20,0
"2015-2016","2016-12","FLU B",315,86,0
"2015-2016","2016-13","FLU A",252,42,0
"2015-2016","2016-13","A",252,14,0
"2015-2016","2016-13","A(H3N2)",252,15,0
"2015-2016","2016-13","A(H1N1) pdm09",252,13,0
"2015-2016","2016-13","FLU B",252,71,0
"2015-2016","2016-14","FLU A",234,32,0
"2015-2016","2016-14","A",234,7,0
"2015-2016","2016-14","A(H3N2)",234,11,0
"2015-2016","2016-14","A(H1N1) pdm09",234,14,0
"2015-2016","2016-14","FLU B",234,35,0
"2015-2016","2016-15","FLU A",208,24,0
"2015-2016","2016-15","A",208,1,0
"2015-2016","2016-15","A(H3N2)",208,17,0
"2015-2016","2016-15","A(H1N1) pdm09",208,6,0
"2015-2016","2016-15","FLU B",208,31,0
"2015-2016","2016-16","FLU A",164,7,0
"2015-2016","2016-16","A",164,3,0
"2015-2016","2016-16","A(H3N2)",164,3,0
"2015-2016","2016-16","A(H1N1) pdm09",164,1,0
"2015-2016","2016-16","FLU B",164,19,0
"2016-2017","2016-46","FLU A",184,12,0
"2016-2017","2016-46","A",184,0,0
"2016-2017","2016-46","A(H3N2)",184,12,0
"2016-2017","2016-46","A(H1N1) pdm09",184,0,0
"2016-2017","2016-46","FLU B",184,0,0
"2016-2017","2016-47","FLU A",182,22,0
"2016-2017","2016-47","A",182,0,0
"2016-2017","2016-47","A(H3N2)",182,21,0
"2016-2017","2016-47","A(H1N1) pdm09",182,1,0
"2016-2017","2016-47","FLU B",182,2,0
"2016-2017","2016-48","FLU A",233,51,0
"2016-2017","2016-48","A",233,0,0
"2016-2017","2016-48","A(H3N2)",233,51,0
"2016-2017","2016-48","A(H1N1) pdm09",233,0,0
"2016-2017","2016-48","FLU B",233,0,0
"2016-2017","2016-49","FLU A",199,82,0
"2016-2017","2016-49","A",199,1,0
"2016-2017","2016-49","A(H3N2)",199,78,0
"2016-2017","2016-49","A(H1N1) pdm09",199,3,0
"2016-2017","2016-49","FLU B",199,0,0
"2016-2017","2016-50","FLU A",410,156,0
"2016-2017","2016-50","A",410,6,0
"2016-2017","2016-50","A(H3N2)",410,150,0
"2016-2017","2016-50","A(H1N1) pdm09",410,0,0
"2016-2017","2016-50","FLU B",410,1,0
"2016-2017","2016-51","FLU A",521,273,0
"2016-2017","2016-51","A",521,18,0
"2016-2017","2016-51","A(H3N2)",521,247,0
"2016-2017","2016-51","A(H1N1) pdm09",521,8,0
"2016-2017","2016-51","FLU B",521,0,0
"2016-2017","2016-52","FLU A",568,363,0
"2016-2017","2016-52","A",568,21,0
"2016-2017","2016-52","A(H3N2)",568,337,0
"2016-2017","2016-52","A(H1N1) pdm09",568,5,0
"2016-2017","2016-52","FLU B",568,0,0
"2016-2017","2017-01","FLU A",648,409,0
"2016-2017","2017-01","A",648,17,0
"2016-2017","2017-01","A(H3N2)",648,389,0
"2016-2017","2017-01","A(H1N1) pdm09",648,3,0
"2016-2017","2017-01","FLU B",648,2,0
"2016-2017","2017-02","FLU A",834,443,0
"2016-2017","2017-02","A",834,27,0
"2016-2017","2017-02","A(H3N2)",834,411,0
"2016-2017","2017-02","A(H1N1) pdm09",834,5,0
"2016-2017","2017-02","FLU B",834,9,0
"2016-2017","2017-03","FLU A",810,439,0
"2016-2017","2017-03","A",810,24,0
"2016-2017","2017-03","A(H3N2)",810,407,0
"2016-2017","2017-03","A(H1N1) pdm09",810,8,0
"2016-2017","2017-03","FLU B",810,3,0
"2016-2017","2017-04","FLU A",848,383,0
"2016-2017","2017-04","A",848,27,0
"2016-2017","2017-04","A(H3N2)",848,355,0
"2016-2017","2017-04","A(H1N1) pdm09",848,1,0
"2016-2017","2017-04","FLU B",848,10,0
"2016-2017","2017-05","FLU A",638,332,0
"2016-2017","2017-05","A",638,32,0
"2016-2017","2017-05","A(H3N2)",638,299,0
"2016-2017","2017-05","A(H1N1) pdm09",638,1,0
"2016-2017","2017-05","FLU B",638,13,0
"2016-2017","2017-06","FLU A",615,176,0
"2016-2017","2017-06","A",615,5,0
"2016-2017","2017-06","A(H3N2)",615,169,0
"2016-2017","2017-06","A(H1N1) pdm09",615,2,0
"2016-2017","2017-06","FLU B",615,14,0
"2016-2017","2017-07","FLU A",486,98,0
"2016-2017","2017-07","A",486,1,0
"2016-2017","2017-07","A(H3N2)",486,93,0
"2016-2017","2017-07","A(H1N1) pdm09",486,4,0
"2016-2017","2017-07","FLU B",486,27,0
"2016-2017","2017-08","FLU A",506,52,0
"2016-2017","2017-08","A",506,2,0
"2016-2017","2017-08","A(H3N2)",506,50,0
"2016-2017","2017-08","A(H1N1) pdm09",506,0,0
"2016-2017","2017-08","FLU B",506,18,0
"2016-2017","2017-09","FLU A",343,18,0
"2016-2017","2017-09","A",343,4,0
"2016-2017","2017-09","A(H3N2)",343,13,0
"2016-2017","2017-09","A(H1N1) pdm09",343,1,0
"2016-2017","2017-09","FLU B",343,24,0
"2016-2017","2017-10","FLU A",392,15,0
"2016-2017","2017-10","A",392,3,0
"2016-2017","2017-10","A(H3N2)",392,11,0
"2016-2017","2017-10","A(H1N1) pdm09",392,1,0
"2016-2017","2017-10","FLU B",392,18,0
"2016-2017","2017-11","FLU A",309,7,0
"2016-2017","2017-11","A",309,0,0
"2016-2017","2017-11","A(H3N2)",309,7,0
"2016-2017","2017-11","A(H1N1) pdm09",309,0,0
"2016-2017","2017-11","FLU B",309,14,0
"2016-2017","2017-12","FLU A",250,4,0
"2016-2017","2017-12","A",250,0,0
"2016-2017","2017-12","A(H3N2)",250,4,0
"2016-2017","2017-12","A(H1N1) pdm09",250,0,0
"2016-2017","2017-12","FLU B",250,5,0
"2016-2017","2017-13","FLU A",200,2,0
"2016-2017","2017-13","A",200,0,0
"2016-2017","2017-13","A(H3N2)",200,2,0
"2016-2017","2017-13","A(H1N1) pdm09",200,0,0
"2016-2017","2017-13","FLU B",200,7,0
"2016-2017","2017-14","FLU A",184,1,0
"2016-2017","2017-14","A",184,0,0
"2016-2017","2017-14","A(H3N2)",184,1,0
"2016-2017","2017-14","A(H1N1) pdm09",184,0,0
"2016-2017","2017-14","FLU B",184,5,0
"2016-2017","2017-15","FLU A",113,0,0
"2016-2017","2017-15","A",113,0,0
"2016-2017","2017-15","A(H3N2)",113,0,0
"2016-2017","2017-15","A(H1N1) pdm09",113,0,0
"2016-2017","2017-15","FLU B",113,4,0
"2016-2017","2017-16","FLU A",123,1,0
"2016-2017","2017-16","A",123,0,0
"2016-2017","2017-16","A(H3N2)",123,0,0
"2016-2017","2017-16","A(H1N1) pdm09",123,1,0
"2016-2017","2017-16","FLU B",123,2,0
"2016-2017","2017-17","FLU A",65,0,0
"2016-2017","2017-17","A",65,0,0
"2016-2017","2017-17","A(H3N2)",65,0,0
"2016-2017","2017-17","A(H1N1) pdm09",65,0,0
"2016-2017","2017-17","FLU B",65,1,0
"2017-2018","2017-46","FLU A",120,0,0
"2017-2018","2017-46","A",120,0,0
"2017-2018","2017-46","A(H3N2)",120,0,0
"2017-2018","2017-46","A(H1N1) pdm09",120,0,0
"2017-2018","2017-46","FLU B",120,2,0
"2017-2018","2017-47","FLU A",158,1,0
"2017-2018","2017-47","A",158,0,0
"2017-2018","2017-47","A(H3N2)",158,0,0
"2017-2018","2017-47","A(H1N1) pdm09",158,1,0
"2017-2018","2017-47","FLU B",158,7,0
"2017-2018","2017-48","FLU A",163,10,0
"2017-2018","2017-48","A",163,2,0
"2017-2018","2017-48","A(H3N2)",163,1,0
"2017-2018","2017-48","A(H1N1) pdm09",163,7,0
"2017-2018","2017-48","FLU B",163,18,0
"2017-2018","2017-49","FLU A",178,13,0
"2017-2018","2017-49","A",178,0,0
"2017-2018","2017-49","A(H3N2)",178,4,0
"2017-2018","2017-49","A(H1N1) pdm09",178,9,0
"2017-2018","2017-49","FLU B",178,27,0
"2017-2018","2017-50","FLU A",292,48,0
"2017-2018","2017-50","A",292,1,0
"2017-2018","2017-50","A(H3N2)",292,9,0
"2017-2018","2017-50","A(H1N1) pdm09",292,38,0
"2017-2018","2017-50","FLU B",292,74,0
"2017-2018","2017-51","FLU A",184,75,0
"2017-2018","2017-51","A",184,3,0
"2017-2018","2017-51","A(H3N2)",184,6,0
"2017-2018","2017-51","A(H1N1) pdm09",184,66,0
"2017-2018","2017-51","FLU B",184,132,0
"2017-2018","2017-52","FLU A",286,160,0
"2017-2018","2017-52","A",286,10,0
"2017-2018","2017-52","A(H3N2)",286,9,0
"2017-2018","2017-52","A(H1N1) pdm09",286,141,0
"2017-2018","2017-52","FLU B",286,251,0
"2017-2018","2018-01","FLU A",640,211,0
"2017-2018","2018-01","A",640,9,0
"2017-2018","2018-01","A(H3N2)",640,10,0
"2017-2018","2018-01","A(H1N1) pdm09",640,192,0
"2017-2018","2018-01","FLU B",640,409,0
"2017-2018","2018-02","FLU A",1211,277,0
"2017-2018","2018-02","A",1211,8,0
"2017-2018","2018-02","A(H3N2)",1211,13,0
"2017-2018","2018-02","A(H1N1) pdm09",1211,256,0
"2017-2018","2018-02","FLU B",1211,570,0
"2017-2018","2018-03","FLU A",1119,225,0
"2017-2018","2018-03","A",1119,8,0
"2017-2018","2018-03","A(H3N2)",1119,15,0
"2017-2018","2018-03","A(H1N1) pdm09",1119,202,0
"2017-2018","2018-03","FLU B",1119,455,0
"2017-2018","2018-04","FLU A",1029,205,0
"2017-2018","2018-04","A",1029,12,0
"2017-2018","2018-04","A(H3N2)",1029,13,0
"2017-2018","2018-04","A(H1N1) pdm09",1029,180,0
"2017-2018","2018-04","FLU B",1029,373,0
"2017-2018","2018-05","FLU A",1017,197,0
"2017-2018","2018-05","A",1017,13,0
"2017-2018","2018-05","A(H3N2)",1017,6,0
"2017-2018","2018-05","A(H1N1) pdm09",1017,178,0
"2017-2018","2018-05","FLU B",1017,343,0
"2017-2018","2018-06","FLU A",859,161,0
"2017-2018","2018-06","A",859,7,0
"2017-2018","2018-06","A(H3N2)",859,5,0
"2017-2018","2018-06","A(H1N1) pdm09",859,149,0
"2017-2018","2018-06","FLU B",859,193,0
"2017-2018","2018-07","FLU A",797,158,0
"2017-2018","2018-07","A",797,5,0
"2017-2018","2018-07","A(H3N2)",797,8,0
"2017-2018","2018-07","A(H1N1) pdm09",797,145,0
"2017-2018","2018-07","FLU B",797,143,0
"2017-2018","2018-08","FLU A",787,156,0
"2017-2018","2018-08","A",787,6,0
"2017-2018","2018-08","A(H3N2)",787,8,0
"2017-2018","2018-08","A(H1N1) pdm09",787,142,0
"2017-2018","2018-08","FLU B",787,121,0
"2017-2018","2018-09","FLU A",604,87,0
"2017-2018","2018-09","A",604,4,0
"2017-2018","2018-09","A(H3N2)",604,6,0
"2017-2018","2018-09","A(H1N1) pdm09",604,77,0
"2017-2018","2018-09","FLU B",604,81,0
"2017-2018","2018-10","FLU A",556,67,0
"2017-2018","2018-10","A",556,3,0
"2017-2018","2018-10","A(H3N2)",556,2,0
"2017-2018","2018-10","A(H1N1) pdm09",556,62,0
"2017-2018","2018-10","FLU B",556,51,0
"2017-2018","2018-11","FLU A",348,49,0
"2017-2018","2018-11","A",348,1,0
"2017-2018","2018-11","A(H3N2)",348,2,0
"2017-2018","2018-11","A(H1N1) pdm09",348,46,0
"2017-2018","2018-11","FLU B",348,43,0
"2017-2018","2018-12","FLU A",308,27,0
"2017-2018","2018-12","A",308,1,0
"2017-2018","2018-12","A(H3N2)",308,1,0
"2017-2018","2018-12","A(H1N1) pdm09",308,25,0
"2017-2018","2018-12","FLU B",308,20,0
"2017-2018","2018-13","FLU A",205,17,0
"2017-2018","2018-13","A",205,2,0
"2017-2018","2018-13","A(H3N2)",205,3,0
"2017-2018","2018-13","A(H1N1) pdm09",205,12,0
"2017-2018","2018-13","FLU B",205,9,0
"2017-2018","2018-14","FLU A",171,13,0
"2017-2018","2018-14","A",171,0,0
"2017-2018","2018-14","A(H3N2)",171,1,0
"2017-2018","2018-14","A(H1N1) pdm09",171,12,0
"2017-2018","2018-14","FLU B",171,0,0
"2017-2018","2018-15","FLU A",165,7,0
"2017-2018","2018-15","A",165,2,0
"2017-2018","2018-15","A(H3N2)",165,0,0
"2017-2018","2018-15","A(H1N1) pdm09",165,5,0
"2017-2018","2018-15","FLU B",165,1,0
"2017-2018","2018-16","FLU A",107,4,0
"2017-2018","2018-16","A",107,1,0
"2017-2018","2018-16","A(H3N2)",107,0,0
"2017-2018","2018-16","A(H1N1) pdm09",107,3,0
"2017-2018","2018-16","FLU B",107,0,0
"2017-2018","2018-17","FLU A",58,3,0
"2017-2018","2018-17","A",58,0,0
"2017-2018","2018-17","A(H3N2)",58,0,0
"2017-2018","2018-17","A(H1N1) pdm09",58,3,0
"2017-2018","2018-17","FLU B",58,0,0
"2018-2019","2018-46","FLU A",193,193,7
"2018-2019","2018-46","A",193,193,0
"2018-2019","2018-46","A(H3N2)",193,193,3
"2018-2019","2018-46","A(H1N1) pdm09",193,193,4
"2018-2019","2018-46","FLU B",193,193,1
"2018-2019","2018-47","FLU A",222,222,19
"2018-2019","2018-47","A",222,222,0
"2018-2019","2018-47","A(H3N2)",222,222,13
"2018-2019","2018-47","A(H1N1) pdm09",222,222,6
"2018-2019","2018-47","FLU B",222,222,0
"2018-2019","2018-48","FLU A",254,254,20
"2018-2019","2018-48","A",254,254,1
"2018-2019","2018-48","A(H3N2)",254,254,11
"2018-2019","2018-48","A(H1N1) pdm09",254,254,8
"2018-2019","2018-48","FLU B",254,254,0
"2018-2019","2018-49","FLU A",320,320,19
"2018-2019","2018-49","A",320,320,0
"2018-2019","2018-49","A(H3N2)",320,320,9
"2018-2019","2018-49","A(H1N1) pdm09",320,320,10
"2018-2019","2018-49","FLU B",320,320,0
"2018-2019","2018-50","FLU A",346,346,35
"2018-2019","2018-50","A",346,346,0
"2018-2019","2018-50","A(H3N2)",346,346,10
"2018-2019","2018-50","A(H1N1) pdm09",346,346,25
"2018-2019","2018-50","FLU B",346,346,0
"2018-2019","2018-51","FLU A",410,410,55
"2018-2019","2018-51","A",410,410,1
"2018-2019","2018-51","A(H3N2)",410,410,22
"2018-2019","2018-51","A(H1N1) pdm09",410,410,32
"2018-2019","2018-51","FLU B",410,410,0
"2018-2019","2018-52","FLU A",329,312,83
"2018-2019","2018-52","A",329,312,6
"2018-2019","2018-52","A(H3N2)",329,312,19
"2018-2019","2018-52","A(H1N1) pdm09",329,312,58
"2018-2019","2018-52","FLU B",329,312,0
"2018-2019","2019-01","FLU A",462,426,142
"2018-2019","2019-01","A",462,426,3
"2018-2019","2019-01","A(H3N2)",462,426,41
"2018-2019","2019-01","A(H1N1) pdm09",462,426,98
"2018-2019","2019-01","FLU B",462,426,0
"2018-2019","2019-02","FLU A",658,591,267
"2018-2019","2019-02","A",658,591,15
"2018-2019","2019-02","A(H3N2)",658,591,82
"2018-2019","2019-02","A(H1N1) pdm09",658,591,170
"2018-2019","2019-02","FLU B",658,591,3
"2018-2019","2019-03","FLU A",986,859,560
"2018-2019","2019-03","A",986,859,41
"2018-2019","2019-03","A(H3N2)",986,859,176
"2018-2019","2019-03","A(H1N1) pdm09",986,859,343
"2018-2019","2019-03","FLU B",986,859,2
"2018-2019","2019-04","FLU A",1270,1110,727
"2018-2019","2019-04","A",1270,1110,14
"2018-2019","2019-04","A(H3N2)",1270,1110,257
"2018-2019","2019-04","A(H1N1) pdm09",1270,1110,456
"2018-2019","2019-04","FLU B",1270,1110,1
"2018-2019","2019-05","FLU A",1431,1352,833
"2018-2019","2019-05","A",1431,1352,62
"2018-2019","2019-05","A(H3N2)",1431,1352,316
"2018-2019","2019-05","A(H1N1) pdm09",1431,1352,455
"2018-2019","2019-05","FLU B",1431,1352,0
"2018-2019","2019-06","FLU A",1563,1486,918
"2018-2019","2019-06","A",1563,1486,84
"2018-2019","2019-06","A(H3N2)",1563,1486,391
"2018-2019","2019-06","A(H1N1) pdm09",1563,1486,443
"2018-2019","2019-06","FLU B",1563,1486,0
"2018-2019","2019-07","FLU A",1416,1337,742
"2018-2019","2019-07","A",1416,1337,30
"2018-2019","2019-07","A(H3N2)",1416,1337,378
"2018-2019","2019-07","A(H1N1) pdm09",1416,1337,334
"2018-2019","2019-07","FLU B",1416,1337,0
"2018-2019","2019-08","FLU A",1294,1253,661
"2018-2019","2019-08","A",1294,1253,81
"2018-2019","2019-08","A(H3N2)",1294,1253,342
"2018-2019","2019-08","A(H1N1) pdm09",1294,1253,238
"2018-2019","2019-08","FLU B",1294,1253,2
"2018-2019","2019-09","FLU A",924,853,468
"2018-2019","2019-09","A",924,853,54
"2018-2019","2019-09","A(H3N2)",924,853,298
"2018-2019","2019-09","A(H1N1) pdm09",924,853,116
"2018-2019","2019-09","FLU B",924,853,0
"2018-2019","2019-10","FLU A",929,886,328
"2018-2019","2019-10","A",929,886,38
"2018-2019","2019-10","A(H3N2)",929,886,223
"2018-2019","2019-10","A(H1N1) pdm09",929,886,67
"2018-2019","2019-10","FLU B",929,886,0
"2018-2019","2019-11","FLU A",667,619,192
"2018-2019","2019-11","A",667,619,17
"2018-2019","2019-11","A(H3N2)",667,619,138
"2018-2019","2019-11","A(H1N1) pdm09",667,619,37
"2018-2019","2019-11","FLU B",667,619,0
"2018-2019","2019-12","FLU A",422,407,139
"2018-2019","2019-12","A",422,407,16
"2018-2019","2019-12","A(H3N2)",422,407,102
"2018-2019","2019-12","A(H1N1) pdm09",422,407,21
"2018-2019","2019-12","FLU B",422,407,0
"2018-2019","2019-13","FLU A",406,392,62
"2018-2019","2019-13","A",406,392,3
"2018-2019","2019-13","A(H3N2)",406,392,45
"2018-2019","2019-13","A(H1N1) pdm09",406,392,14
"2018-2019","2019-13","FLU B",406,392,0
"2018-2019","2019-14","FLU A",328,327,41
"2018-2019","2019-14","A",328,327,4
"2018-2019","2019-14","A(H3N2)",328,327,32
"2018-2019","2019-14","A(H1N1) pdm09",328,327,5
"2018-2019","2019-14","FLU B",328,327,0
"2018-2019","2019-15","FLU A",271,267,24
"2018-2019","2019-15","A",271,267,0
"2018-2019","2019-15","A(H3N2)",271,267,18
"2018-2019","2019-15","A(H1N1) pdm09",271,267,6
"2018-2019","2019-15","FLU B",271,267,0
"2018-2019","2019-16","FLU A",203,200,13
"2018-2019","2019-16","A",203,200,2
"2018-2019","2019-16","A(H3N2)",203,200,8
"2018-2019","2019-16","A(H1N1) pdm09",203,200,3
"2018-2019","2019-16","FLU B",84,82,0
"2018-2019","2019-17","FLU A",84,82,4
"2018-2019","2019-17","A",84,82,0
"2018-2019","2019-17","A(H3N2)",84,82,2
"2018-2019","2019-17","A(H1N1) pdm09",84,82,2
"2018-2019","2019-17","FLU B",84,82,0
"2019-2020","2019-46","FLU A",307,273,3
"2019-2020","2019-46","A",307,273,0
"2019-2020","2019-46","A(H3N2)",307,273,2
"2019-2020","2019-46","A(H1N1) pdm09",307,273,1
"2019-2020","2019-46","FLU B",307,273,0
"2019-2020","2019-47","FLU A",514,466,3
"2019-2020","2019-47","A",514,466,0
"2019-2020","2019-47","A(H3N2)",514,466,1
"2019-2020","2019-47","A(H1N1) pdm09",514,466,2
"2019-2020","2019-47","FLU B",514,466,1
"2019-2020","2019-48","FLU A",383,343,15
"2019-2020","2019-48","A",383,343,0
"2019-2020","2019-48","A(H3N2)",383,343,9
"2019-2020","2019-48","A(H1N1) pdm09",383,343,6
"2019-2020","2019-48","FLU B",383,343,3
"2019-2020","2019-49","FLU A",544,469,26
"2019-2020","2019-49","A",544,469,1
"2019-2020","2019-49","A(H3N2)",544,469,22
"2019-2020","2019-49","A(H1N1) pdm09",544,469,3
"2019-2020","2019-49","FLU B",544,469,1
"2019-2020","2019-50","FLU A",444,393,38
"2019-2020","2019-50","A",444,393,0
"2019-2020","2019-50","A(H3N2)",444,393,27
"2019-2020","2019-50","A(H1N1) pdm09",444,393,11
"2019-2020","2019-50","FLU B",444,393,7
"2019-2020","2019-51","FLU A",518,471,54
"2019-2020","2019-51","A",518,471,5
"2019-2020","2019-51","A(H3N2)",518,471,42
"2019-2020","2019-51","A(H1N1) pdm09",518,471,7
"2019-2020","2019-51","FLU B",518,471,21
"2019-2020","2019-52","FLU A",385,354,46
"2019-2020","2019-52","A",385,354,4
"2019-2020","2019-52","A(H3N2)",385,354,31
"2019-2020","2019-52","A(H1N1) pdm09",385,354,11
"2019-2020","2019-52","FLU B",385,354,22
"2019-2020","2020-01","FLU A",538,483,60
"2019-2020","2020-01","A",538,483,5
"2019-2020","2020-01","A(H3N2)",538,483,30
"2019-2020","2020-01","A(H1N1) pdm09",538,483,25
"2019-2020","2020-01","FLU B",538,483,25
"2019-2020","2020-02","FLU A",872,796,128
"2019-2020","2020-02","A",872,796,3
"2019-2020","2020-02","A(H3N2)",872,796,70
"2019-2020","2020-02","A(H1N1) pdm09",872,796,55
"2019-2020","2020-02","FLU B",872,796,50
"2019-2020","2020-03","FLU A",953,831,213
"2019-2020","2020-03","A",953,831,10
"2019-2020","2020-03","A(H3N2)",953,831,99
"2019-2020","2020-03","A(H1N1) pdm09",953,831,104
"2019-2020","2020-03","FLU B",953,831,90
"2019-2020","2020-04","FLU A",1140,965,310
"2019-2020","2020-04","A",1140,965,12
"2019-2020","2020-04","A(H3N2)",1140,965,167
"2019-2020","2020-04","A(H1N1) pdm09",1140,965,131
"2019-2020","2020-04","FLU B",1140,965,145
"2019-2020","2020-05","FLU A",1257,1102,364
"2019-2020","2020-05","A",1257,1102,20
"2019-2020","2020-05","A(H3N2)",1257,1102,195
"2019-2020","2020-05","A(H1N1) pdm09",1257,1102,149
"2019-2020","2020-05","FLU B",1257,1102,185
"2019-2020","2020-06","FLU A",1264,1097,330
"2019-2020","2020-06","A",1264,1097,25
"2019-2020","2020-06","A(H3N2)",1264,1097,180
"2019-2020","2020-06","A(H1N1) pdm09",1264,1097,125
"2019-2020","2020-06","FLU B",1264,1097,186
"2019-2020","2020-07","FLU A",1191,1054,343
"2019-2020","2020-07","A",1191,1054,32
"2019-2020","2020-07","A(H3N2)",1191,1054,193
"2019-2020","2020-07","A(H1N1) pdm09",1191,1054,118
"2019-2020","2020-07","FLU B",1191,1054,205
"2019-2020","2020-08","FLU A",1072,918,290
"2019-2020","2020-08","A",1072,918,58
"2019-2020","2020-08","A(H3N2)",1072,918,144
"2019-2020","2020-08","A(H1N1) pdm09",1072,918,88
"2019-2020","2020-08","FLU B",1072,918,155
"2019-2020","2020-09","FLU A",761,686,195
"2019-2020","2020-09","A",761,686,12
"2019-2020","2020-09","A(H3N2)",761,686,126
"2019-2020","2020-09","A(H1N1) pdm09",761,686,57
"2019-2020","2020-09","FLU B",761,686,97
"2019-2020","2020-10","FLU A",475,441,80
"2019-2020","2020-10","A",475,441,9
"2019-2020","2020-10","A(H3N2)",475,441,47
"2019-2020","2020-10","A(H1N1) pdm09",475,441,24
"2019-2020","2020-10","FLU B",475,441,39
"2019-2020","2020-11","FLU A",239,228,14
"2019-2020","2020-11","A",239,228,2
"2019-2020","2020-11","A(H3N2)",239,228,5
"2019-2020","2020-11","A(H1N1) pdm09",239,228,7
"2019-2020","2020-11","FLU B",239,228,13
"2019-2020","2020-12","FLU A",97,89,2
"2019-2020","2020-12","A",97,89,0
"2019-2020","2020-12","A(H3N2)",97,89,2
"2019-2020","2020-12","A(H1N1) pdm09",97,89,0
"2019-2020","2020-12","FLU B",97,89,0
"2019-2020","2020-13","FLU A",77,44,0
"2019-2020","2020-13","A",77,44,0
"2019-2020","2020-13","A(H3N2)",77,44,0
"2019-2020","2020-13","A(H1N1) pdm09",77,44,0
"2019-2020","2020-13","FLU B",77,44,0
"2019-2020","2020-14","FLU A",68,39,1
"2019-2020","2020-14","A",68,39,0
"2019-2020","2020-14","A(H3N2)",68,39,0
"2019-2020","2020-14","A(H1N1) pdm09",68,39,1
"2019-2020","2020-14","FLU B",68,39,0
"2019-2020","2020-15","FLU A",82,68,0
"2019-2020","2020-15","A",82,68,0
"2019-2020","2020-15","A(H3N2)",82,68,0
"2019-2020","2020-15","A(H1N1) pdm09",82,68,0
"2019-2020","2020-15","FLU B",82,68,0
"2019-2020","2020-16","FLU A",59,29,0
"2019-2020","2020-16","A",59,29,0
"2019-2020","2020-16","A(H3N2)",59,29,0
"2019-2020","2020-16","A(H1N1) pdm09",59,29,0
"2019-2020","2020-16","FLU B",59,29,0
"2019-2020","2020-17","FLU A",62,33,0
"2019-2020","2020-17","A",62,33,0
"2019-2020","2020-17","A(H3N2)",62,33,0
"2019-2020","2020-17","A(H1N1) pdm09",62,33,0
"2019-2020","2020-17","FLU B",62,33,0
"2020-2021","2020-46","FLU A",49,48,0
"2020-2021","2020-46","A",49,48,0
"2020-2021","2020-46","A(H3N2)",49,48,0
"2020-2021","2020-46","A(H1N1)pdm2009",49,48,0
"2020-2021","2020-46","FLU B",49,48,0
"2020-2021","2020-46","SARS-CoV-2",49,48,18
"2020-2021","2020-47","FLU A",174,173,0
"2020-2021","2020-47","A",174,173,0
"2020-2021","2020-47","A(H3N2)",174,173,0
"2020-2021","2020-47","A(H1N1)pdm2009",174,173,0
"2020-2021","2020-47","FLU B",174,173,0
"2020-2021","2020-47","SARS-CoV-2",174,173,12
"2020-2021","2020-48","FLU A",156,153,0
"2020-2021","2020-48","A",156,153,0
"2020-2021","2020-48","A(H3N2)",156,153,0
"2020-2021","2020-48","A(H1N1)pdm2009",156,153,0
"2020-2021","2020-48","FLU B",156,153,0
"2020-2021","2020-48","SARS-CoV-2",156,153,29
"2020-2021","2020-49","FLU A",148,148,0
"2020-2021","2020-49","A",148,148,0
"2020-2021","2020-49","A(H3N2)",148,148,0
"2020-2021","2020-49","A(H1N1)pdm2009",148,148,0
"2020-2021","2020-49","FLU B",148,148,0
"2020-2021","2020-49","SARS-CoV-2",148,148,17
"2020-2021","2020-50","FLU A",152,148,0
"2020-2021","2020-50","A",152,148,0
"2020-2021","2020-50","A(H3N2)",152,148,0
"2020-2021","2020-50","A(H1N1)pdm2009",152,148,0
"2020-2021","2020-50","FLU B",152,148,0
"2020-2021","2020-50","SARS-CoV-2",152,148,26
"2020-2021","2020-51","FLU A",128,128,0
"2020-2021","2020-51","A",128,128,0
"2020-2021","2020-51","A(H3N2)",128,128,0
"2020-2021","2020-51","A(H1N1)pdm2009",128,128,0
"2020-2021","2020-51","FLU B",128,128,0
"2020-2021","2020-51","SARS-CoV-2",128,128,12
"2020-2021","2020-52","FLU A",90,80,0
"2020-2021","2020-52","A",90,80,0
"2020-2021","2020-52","A(H3N2)",90,80,0
"2020-2021","2020-52","A(H1N1)pdm2009",90,80,0
"2020-2021","2020-52","FLU B",90,80,0
"2020-2021","2020-52","SARS-CoV-2",90,80,11
"2020-2021","2020-53","FLU A",100,100,0
"2020-2021","2020-53","A",100,100,0
"2020-2021","2020-53","A(H3N2)",100,100,0
"2020-2021","2020-53","A(H1N1)pdm2009",100,100,0
"2020-2021","2020-53","FLU B",100,100,0
"2020-2021","2020-53","SARS-CoV-2",100,100,9
"2020-2021","2021-01","FLU A",121,119,0
"2020-2021","2021-01","A",121,119,0
"2020-2021","2021-01","A(H3N2)",121,119,0
"2020-2021","2021-01","A(H1N1)pdm2009",121,119,0
"2020-2021","2021-01","FLU B",121,119,0
"2020-2021","2021-01","SARS-CoV-2",121,119,16
"2020-2021","2021-02","FLU A",154,149,0
"2020-2021","2021-02","A",154,149,0
"2020-2021","2021-02","A(H3N2)",154,149,0
"2020-2021","2021-02","A(H1N1)pdm2009",154,149,0
"2020-2021","2021-02","FLU B",154,149,0
"2020-2021","2021-02","SARS-CoV-2",154,149,10
"2020-2021","2021-03","FLU A",223,172,0
"2020-2021","2021-03","A",223,172,0
"2020-2021","2021-03","A(H3N2)",223,172,0
"2020-2021","2021-03","A(H1N1)pdm2009",223,172,0
"2020-2021","2021-03","FLU B",223,172,0
"2020-2021","2021-03","SARS-CoV-2",223,172,23
"2020-2021","2021-04","FLU A",103,95,0
"2020-2021","2021-04","A",103,95,0
"2020-2021","2021-04","A(H3N2)",103,95,0
"2020-2021","2021-04","A(H1N1)pdm2009",103,95,0
"2020-2021","2021-04","FLU B",103,95,0
"2020-2021","2021-04","SARS-CoV-2",103,95,14
"2020-2021","2021-05","FLU A",240,234,0
"2020-2021","2021-05","A",240,234,0
"2020-2021","2021-05","A(H3N2)",240,234,0
"2020-2021","2021-05","A(H1N1)pdm2009",240,234,0
"2020-2021","2021-05","FLU B",240,234,0
"2020-2021","2021-05","SARS-CoV-2",240,234,27
"2020-2021","2021-06","FLU A",158,155,0
"2020-2021","2021-06","A",158,155,0
"2020-2021","2021-06","A(H3N2)",158,155,0
"2020-2021","2021-06","A(H1N1)pdm2009",158,155,0
"2020-2021","2021-06","FLU B",158,155,0
"2020-2021","2021-06","SARS-CoV-2",158,155,5
"2020-2021","2021-07","FLU A",195,190,0
"2020-2021","2021-07","A",195,190,0
"2020-2021","2021-07","A(H3N2)",195,190,0
"2020-2021","2021-07","A(H1N1)pdm2009",195,190,0
"2020-2021","2021-07","FLU B",195,190,0
"2020-2021","2021-07","SARS-CoV-2",195,190,24
"2020-2021","2021-08","FLU A",282,280,0
"2020-2021","2021-08","A",282,280,0
"2020-2021","2021-08","A(H3N2)",282,280,0
"2020-2021","2021-08","A(H1N1)pdm2009",282,280,0
"2020-2021","2021-08","FLU B",282,280,0
"2020-2021","2021-08","SARS-CoV-2",282,280,48
"2020-2021","2021-09","FLU A",247,241,0
"2020-2021","2021-09","A",247,241,0
"2020-2021","2021-09","A(H3N2)",247,241,0
"2020-2021","2021-09","A(H1N1)pdm2009",247,241,0
"2020-2021","2021-09","FLU B",247,241,0
"2020-2021","2021-09","SARS-CoV-2",247,241,46
"2020-2021","2021-10","FLU A",314,310,0
"2020-2021","2021-10","A",314,310,0
"2020-2021","2021-10","A(H3N2)",314,310,0
"2020-2021","2021-10","A(H1N1)pdm2009",314,310,0
"2020-2021","2021-10","FLU B",314,310,0
"2020-2021","2021-10","SARS-CoV-2",314,310,109
"2020-2021","2021-11","FLU A",306,305,0
"2020-2021","2021-11","A",306,305,0
"2020-2021","2021-11","A(H3N2)",306,305,0
"2020-2021","2021-11","A(H1N1)pdm2009",306,305,0
"2020-2021","2021-11","FLU B",306,305,0
"2020-2021","2021-11","SARS-CoV-2",306,305,104
"2020-2021","2021-12","FLU A",396,390,0
"2020-2021","2021-12","A",396,390,0
"2020-2021","2021-12","A(H3N2)",396,390,0
"2020-2021","2021-12","A(H1N1)pdm2009",396,390,0
"2020-2021","2021-12","FLU B",396,390,0
"2020-2021","2021-12","SARS-CoV-2",396,390,115
"2020-2021","2021-13","FLU A",310,309,0
"2020-2021","2021-13","A",310,309,0
"2020-2021","2021-13","A(H3N2)",310,309,0
"2020-2021","2021-13","A(H1N1)pdm2009",310,309,0
"2020-2021","2021-13","FLU B",310,309,0
"2020-2021","2021-13","SARS-CoV-2",310,309,87
"2020-2021","2021-14","FLU A",255,249,0
"2020-2021","2021-14","A",255,249,0
"2020-2021","2021-14","A(H3N2)",255,249,0
"2020-2021","2021-14","A(H1N1)pdm2009",255,249,0
"2020-2021","2021-14","FLU B",255,249,0
"2020-2021","2021-14","SARS-CoV-2",255,249,63
"2020-2021","2021-15","FLU A",236,234,0
"2020-2021","2021-15","A",236,234,0
"2020-2021","2021-15","A(H3N2)",236,234,0
"2020-2021","2021-15","A(H1N1)pdm2009",236,234,0
"2020-2021","2021-15","FLU B",236,234,0
"2020-2021","2021-15","SARS-CoV-2",236,234,36
"2020-2021","2021-16","FLU A",252,252,0
"2020-2021","2021-16","A",252,252,0
"2020-2021","2021-16","A(H3N2)",252,252,0
"2020-2021","2021-16","A(H1N1)pdm2009",252,252,0
"2020-2021","2021-16","FLU B",252,252,0
"2020-2021","2021-16","SARS-CoV-2",252,252,50
"2021-2022","2021-46","FLU A",280,259,2
"2021-2022","2021-46","A",280,259,0
"2021-2022","2021-46","A(H3N2)",280,259,2
"2021-2022","2021-46","A(H1N1)pdm2009",280,259,0
"2021-2022","2021-46","FLU B",280,259,1
"2021-2022","2021-46","SARS-CoV-2",280,259,10
"2021-2022","2021-47","FLU A",631,589,3
"2021-2022","2021-47","A",631,589,0
"2021-2022","2021-47","A(H3N2)",631,589,3
"2021-2022","2021-47","A(H1N1)pdm2009",631,589,0
"2021-2022","2021-47","FLU B",631,589,0
"2021-2022","2021-47","SARS-CoV-2",631,589,155
"2021-2022","2021-48","FLU A",513,484,1
"2021-2022","2021-48","A",513,484,1
"2021-2022","2021-48","A(H3N2)",513,484,0
"2021-2022","2021-48","A(H1N1)pdm2009",513,484,0
"2021-2022","2021-48","FLU B",513,484,0
"2021-2022","2021-48","SARS-CoV-2",513,484,106
"2021-2022","2021-49","FLU A",409,396,3
"2021-2022","2021-49","A",409,396,0
"2021-2022","2021-49","A(H3N2)",409,396,3
"2021-2022","2021-49","A(H1N1)pdm2009",409,396,0
"2021-2022","2021-49","FLU B",409,396,2
"2021-2022","2021-49","SARS-CoV-2",409,396,72
"2021-2022","2021-50","FLU A",396,387,3
"2021-2022","2021-50","A",396,387,0
"2021-2022","2021-50","A(H3N2)",396,387,3
"2021-2022","2021-50","A(H1N1)pdm2009",396,387,0
"2021-2022","2021-50","FLU B",396,387,1
"2021-2022","2021-50","SARS-CoV-2",396,387,80
"2021-2022","2021-51","FLU A",318,287,11
"2021-2022","2021-51","A",318,287,1
"2021-2022","2021-51","A(H3N2)",318,287,9
"2021-2022","2021-51","A(H1N1)pdm2009",318,287,1
"2021-2022","2021-51","FLU B",318,287,1
"2021-2022","2021-51","SARS-CoV-2",318,287,60
"2021-2022","2021-52","FLU A",399,389,4
"2021-2022","2021-52","A",399,389,0
"2021-2022","2021-52","A(H3N2)",399,389,3
"2021-2022","2021-52","A(H1N1)pdm2009",399,389,1
"2021-2022","2021-52","FLU B",399,389,0
"2021-2022","2021-52","SARS-CoV-2",399,389,164
"2021-2022","2022-01","FLU A",496,480,10
"2021-2022","2022-01","A",496,480,1
"2021-2022","2022-01","A(H3N2)",496,480,9
"2021-2022","2022-01","A(H1N1)pdm2009",496,480,0
"2021-2022","2022-01","FLU B",496,480,0
"2021-2022","2022-01","SARS-CoV-2",496,480,232
"2021-2022","2022-02","FLU A",303,287,5
"2021-2022","2022-02","A",303,287,0
"2021-2022","2022-02","A(H3N2)",303,287,4
"2021-2022","2022-02","A(H1N1)pdm2009",303,287,1
"2021-2022","2022-02","FLU B",303,287,0
"2021-2022","2022-02","SARS-CoV-2",303,287,110
"2021-2022","2022-03","FLU A",542,527,8
"2021-2022","2022-03","A",542,527,1
"2021-2022","2022-03","A(H3N2)",542,527,6
"2021-2022","2022-03","A(H1N1)pdm2009",542,527,1
"2021-2022","2022-03","FLU B",542,527,0
"2021-2022","2022-03","SARS-CoV-2",542,527,266
"2021-2022","2022-04","FLU A",344,331,14
"2021-2022","2022-04","A",344,331,2
"2021-2022","2022-04","A(H3N2)",344,331,10
"2021-2022","2022-04","A(H1N1)pdm2009",344,331,2
"2021-2022","2022-04","FLU B",344,331,0
"2021-2022","2022-04","SARS-CoV-2",344,331,126
"2021-2022","2022-05","FLU A",265,255,10
"2021-2022","2022-05","A",265,255,2
"2021-2022","2022-05","A(H3N2)",265,255,8
"2021-2022","2022-05","A(H1N1)pdm2009",265,255,0
"2021-2022","2022-05","FLU B",265,255,0
"2021-2022","2022-05","SARS-CoV-2",265,255,72
"2021-2022","2022-06","FLU A",537,524,12
"2021-2022","2022-06","A",537,524,0
"2021-2022","2022-06","A(H3N2)",537,524,12
"2021-2022","2022-06","A(H1N1)pdm2009",537,524,0
"2021-2022","2022-06","FLU B",537,524,0
"2021-2022","2022-06","SARS-CoV-2",537,524,230
"2021-2022","2022-07","FLU A",394,388,17
"2021-2022","2022-07","A",394,388,0
"2021-2022","2022-07","A(H3N2)",394,388,17
"2021-2022","2022-07","A(H1N1)pdm2009",394,388,0
"2021-2022","2022-07","FLU B",394,388,0
"2021-2022","2022-07","SARS-CoV-2",394,388,151
"2021-2022","2022-08","FLU A",388,356,40
"2021-2022","2022-08","A",388,356,0
"2021-2022","2022-08","A(H3N2)",388,356,39
"2021-2022","2022-08","A(H1N1)pdm2009",388,356,1
"2021-2022","2022-08","FLU B",388,356,0
"2021-2022","2022-08","SARS-CoV-2",388,356,94
"2021-2022","2022-09","FLU A",487,479,75
"2021-2022","2022-09","A",487,479,6
"2021-2022","2022-09","A(H3N2)",487,479,69
"2021-2022","2022-09","A(H1N1)pdm2009",487,479,0
"2021-2022","2022-09","FLU B",487,479,0
"2021-2022","2022-09","SARS-CoV-2",487,479,178
"2021-2022","2022-10","FLU A",629,610,180
"2021-2022","2022-10","A",629,610,48
"2021-2022","2022-10","A(H3N2)",629,610,132
"2021-2022","2022-10","A(H1N1)pdm2009",629,610,0
"2021-2022","2022-10","FLU B",629,610,0
"2021-2022","2022-10","SARS-CoV-2",629,610,154
"2021-2022","2022-11","FLU A",758,741,303
"2021-2022","2022-11","A",758,741,83
"2021-2022","2022-11","A(H3N2)",758,741,219
"2021-2022","2022-11","A(H1N1)pdm2009",758,741,1
"2021-2022","2022-11","FLU B",758,741,0
"2021-2022","2022-11","SARS-CoV-2",758,741,185
"2021-2022","2022-12","FLU A",780,753,338
"2021-2022","2022-12","A",780,753,120
"2021-2022","2022-12","A(H3N2)",780,753,217
"2021-2022","2022-12","A(H1N1)pdm2009",780,753,1
"2021-2022","2022-12","FLU B",780,753,0
"2021-2022","2022-12","SARS-CoV-2",780,753,211
"2021-2022","2022-13","FLU A",705,676,301
"2021-2022","2022-13","A",705,676,93
"2021-2022","2022-13","A(H3N2)",705,676,207
"2021-2022","2022-13","A(H1N1)pdm2009",705,676,1
"2021-2022","2022-13","FLU B",705,676,0
"2021-2022","2022-13","SARS-CoV-2",705,676,177
"2021-2022","2022-14","FLU A",696,664,248
"2021-2022","2022-14","A",696,664,102
"2021-2022","2022-14","A(H3N2)",696,664,145
"2021-2022","2022-14","A(H1N1)pdm2009",696,664,1
"2021-2022","2022-14","FLU B",696,664,0
"2021-2022","2022-14","SARS-CoV-2",696,664,233
"2021-2022","2022-15","FLU A",491,472,142
"2021-2022","2022-15","A",491,472,29
"2021-2022","2022-15","A(H3N2)",491,472,112
"2021-2022","2022-15","A(H1N1)pdm2009",491,472,1
"2021-2022","2022-15","FLU B",491,472,1
"2021-2022","2022-15","SARS-CoV-2",491,472,195
"2021-2022","2022-16","FLU A",384,375,99
"2021-2022","2022-16","A",384,375,14
"2021-2022","2022-16","A(H3N2)",384,375,84
"2021-2022","2022-16","A(H1N1)pdm2009",384,375,1
"2021-2022","2022-16","FLU B",384,375,0
"2021-2022","2022-16","SARS-CoV-2",384,375,136
"2021-2022","2022-17","FLU A",437,431,64
"2021-2022","2022-17","A",437,431,41
"2021-2022","2022-17","A(H3N2)",437,431,23
"2021-2022","2022-17","A(H1N1)pdm2009",437,431,0
"2021-2022","2022-17","FLU B",437,431,0
"2021-2022","2022-17","SARS-CoV-2",437,431,146
"2022-2023","2022-46","FLU A",656,494,285
"2022-2023","2022-46","A",656,494,12
"2022-2023","2022-46","A(H3N2)",656,494,259
"2022-2023","2022-46","A(H1N1)pdm2009",656,494,14
"2022-2023","2022-46","FLU B",656,494,2
"2022-2023","2022-46","SARS-CoV-2",656,494,24
"2022-2023","2022-46","Rhinovirus",656,494,35
"2022-2023","2022-46","RSV",656,494,32
"2022-2023","2022-46","Parainfluenzali",656,494,10
"2022-2023","2022-46","Adenovirus",656,494,8
"2022-2023","2022-46","Generic coronavirus",656,494,4
"2022-2023","2022-46","Bocavirus",656,494,2
"2022-2023","2022-47","FLU A",855,717,441
"2022-2023","2022-47","A",855,717,14
"2022-2023","2022-47","A(H3N2)",855,717,421
"2022-2023","2022-47","A(H1N1)pdm2009",855,717,6
"2022-2023","2022-47","FLU B",855,717,1
"2022-2023","2022-47","SARS-CoV-2",855,717,29
"2022-2023","2022-47","Rhinovirus",855,717,36
"2022-2023","2022-47","RSV",855,717,63
"2022-2023","2022-47","Parainfluenzali",855,717,11
"2022-2023","2022-47","Adenovirus",855,717,6
"2022-2023","2022-47","Generic coronavirus",855,717,8
"2022-2023","2022-47","Bocavirus",855,717,0
"2022-2023","2022-47","Metapneumovirus",855,717,2
"2022-2023","2022-48","FLU A",1263,1145,711
"2022-2023","2022-48","A",1263,1145,38
"2022-2023","2022-48","A(H3N2)",1263,1145,642
"2022-2023","2022-48","A(H1N1)pdm2009",1263,1145,31
"2022-2023","2022-48","FLU B",1263,1145,1
"2022-2023","2022-48","SARS-CoV-2",1263,1145,123
"2022-2023","2022-48","Rhinovirus",1263,1145,43
"2022-2023","2022-48","RSV",1263,1145,138
"2022-2023","2022-48","Parainfluenzali",1263,1145,7
"2022-2023","2022-48","Adenovirus",1263,1145,6
"2022-2023","2022-48","Generic coronavirus",1263,1145,12
"2022-2023","2022-48","Bocavirus",1263,1145,1
"2022-2023","2022-48","Metapneumovirus",1263,1145,4
"2022-2023","2022-49","FLU A",1420,1293,729
"2022-2023","2022-49","A",1420,1293,44
"2022-2023","2022-49","A(H3N2)",1420,1293,650
"2022-2023","2022-49","A(H1N1)pdm2009",1420,1293,35
"2022-2023","2022-49","FLU B",1420,1293,9
"2022-2023","2022-49","SARS-CoV-2",1420,1293,93
"2022-2023","2022-49","Rhinovirus",1420,1293,42
"2022-2023","2022-49","RSV",1420,1293,157
"2022-2023","2022-49","Parainfluenzali",1420,1293,12
"2022-2023","2022-49","Adenovirus",1420,1293,7
"2022-2023","2022-49","Generic coronavirus",1420,1293,12
"2022-2023","2022-49","Bocavirus",1420,1293,2
"2022-2023","2022-49","Metapneumovirus",1420,1293,1
"2022-2023","2022-50","FLU A",1686,1389,648
"2022-2023","2022-50","A",1686,1389,27
"2022-2023","2022-50","A(H3N2)",1686,1389,588
"2022-2023","2022-50","A(H1N1)pdm2009",1686,1389,33
"2022-2023","2022-50","FLU B",1686,1389,12
"2022-2023","2022-50","SARS-CoV-2",1686,1389,74
"2022-2023","2022-50","Rhinovirus",1686,1389,47
"2022-2023","2022-50","RSV",1686,1389,208
"2022-2023","2022-50","Parainfluenzali",1686,1389,17
"2022-2023","2022-50","Adenovirus",1686,1389,11
"2022-2023","2022-50","Generic coronavirus",1686,1389,5
"2022-2023","2022-50","Bocavirus",1686,1389,2
"2022-2023","2022-50","Metapneumovirus",1686,1389,12
"2022-2023","2022-51","FLU A",1581,1402,603
"2022-2023","2022-51","A",1581,1402,54
"2022-2023","2022-51","A(H3N2)",1581,1402,508
"2022-2023","2022-51","A(H1N1)pdm2009",1581,1402,41
"2022-2023","2022-51","FLU B",1581,1402,8
"2022-2023","2022-51","SARS-CoV-2",1581,1402,127
"2022-2023","2022-51","Rhinovirus",1581,1402,40
"2022-2023","2022-51","RSV",1581,1402,214
"2022-2023","2022-51","Parainfluenzali",1581,1402,5
"2022-2023","2022-51","Adenovirus",1581,1402,5
"2022-2023","2022-51","Generic coronavirus",1581,1402,11
"2022-2023","2022-51","Bocavirus",1581,1402,0
"2022-2023","2022-51","Metapneumovirus",1581,1402,12
"2022-2023","2022-52","FLU A",1432,1284,429
"2022-2023","2022-52","A",1432,1284,37
"2022-2023","2022-52","A(H3N2)",1432,1284,338
"2022-2023","2022-52","A(H1N1)pdm2009",1432,1284,54
"2022-2023","2022-52","FLU B",1432,1284,12
"2022-2023","2022-52","SARS-CoV-2",1432,1284,108
"2022-2023","2022-52","Rhinovirus",1432,1284,34
"2022-2023","2022-52","RSV",1432,1284,270
"2022-2023","2022-52","Parainfluenzali",1432,1284,4
"2022-2023","2022-52","Adenovirus",1432,1284,8
"2022-2023","2022-52","Generic coronavirus",1432,1284,4
"2022-2023","2022-52","Bocavirus",1432,1284,0
"2022-2023","2022-52","Metapneumovirus",1432,1284,11
"2022-2023","2023-01","FLU A",1395,1305,299
"2022-2023","2023-01","A",1395,1305,23
"2022-2023","2023-01","A(H3N2)",1395,1305,236
"2022-2023","2023-01","A(H1N1)pdm2009",1395,1305,40
"2022-2023","2023-01","FLU B",1395,1305,17
"2022-2023","2023-01","SARS-CoV-2",1395,1305,94
"2022-2023","2023-01","Rhinovirus",1395,1305,31
"2022-2023","2023-01","RSV",1395,1305,273
"2022-2023","2023-01","Parainfluenzali",1395,1305,5
"2022-2023","2023-01","Adenovirus",1395,1305,14
"2022-2023","2023-01","Generic coronavirus",1395,1305,8
"2022-2023","2023-01","Bocavirus",1395,1305,2
"2022-2023","2023-01","Metapneumovirus",1395,1305,20
"2022-2023","2023-02","FLU A",1431,1300,163
"2022-2023","2023-02","A",1431,1300,20
"2022-2023","2023-02","A(H3N2)",1431,1300,92
"2022-2023","2023-02","A(H1N1)pdm2009",1431,1300,51
"2022-2023","2023-02","FLU B",1431,1300,19
"2022-2023","2023-02","SARS-CoV-2",1431,1300,96
"2022-2023","2023-02","Rhinovirus",1431,1300,48
"2022-2023","2023-02","RSV",1431,1300,250
"2022-2023","2023-02","Parainfluenzali",1431,1300,7
"2022-2023","2023-02","Adenovirus",1431,1300,22
"2022-2023","2023-02","Generic coronavirus",1431,1300,4
"2022-2023","2023-02","Bocavirus",1431,1300,2
"2022-2023","2023-02","Metapneumovirus",1431,1300,18
"2022-2023","2023-03","FLU A",1220,1124,153
"2022-2023","2023-03","A",1220,1124,17
"2022-2023","2023-03","A(H3N2)",1220,1124,91
"2022-2023","2023-03","A(H1N1)pdm2009",1220,1124,45
"2022-2023","2023-03","FLU B",1220,1124,43
"2022-2023","2023-03","SARS-CoV-2",1220,1124,64
"2022-2023","2023-03","Rhinovirus",1220,1124,25
"2022-2023","2023-03","RSV",1220,1124,195
"2022-2023","2023-03","Parainfluenzali",1220,1124,8
"2022-2023","2023-03","Adenovirus",1220,1124,4
"2022-2023","2023-03","Generic coronavirus",1220,1124,3
"2022-2023","2023-03","Bocavirus",1220,1124,1
"2022-2023","2023-03","Metapneumovirus",1220,1124,22
"2022-2023","2023-04","FLU A",1099,1028,83
"2022-2023","2023-04","A",1099,1028,9
"2022-2023","2023-04","A(H3N2)",1099,1028,41
"2022-2023","2023-04","A(H1N1)pdm2009",1099,1028,33
"2022-2023","2023-04","FLU B",1099,1028,44
"2022-2023","2023-04","SARS-CoV-2",1099,1028,60
"2022-2023","2023-04","Rhinovirus",1099,1028,42
"2022-2023","2023-04","RSV",1099,1028,171
"2022-2023","2023-04","Parainfluenzali",1099,1028,11
"2022-2023","2023-04","Adenovirus",1099,1028,15
"2022-2023","2023-04","Generic coronavirus",1099,1028,0
"2022-2023","2023-04","Bocavirus",1099,1028,2
"2022-2023","2023-04","Metapneumovirus",1099,1028,30
"2022-2023","2023-05","FLU A",1069,992,61
"2022-2023","2023-05","A",1069,992,4
"2022-2023","2023-05","A(H3N2)",1069,992,27
"2022-2023","2023-05","A(H1N1)pdm2009",1069,992,30
"2022-2023","2023-05","FLU B",1069,992,50
"2022-2023","2023-05","SARS-CoV-2",1069,992,52
"2022-2023","2023-05","Rhinovirus",1069,992,57
"2022-2023","2023-05","RSV",1069,992,136
"2022-2023","2023-05","Parainfluenzali",1069,992,7
"2022-2023","2023-05","Adenovirus",1069,992,15
"2022-2023","2023-05","Generic coronavirus",1069,992,6
"2022-2023","2023-05","Bocavirus",1069,992,2
"2022-2023","2023-05","Metapneumovirus",1069,992,45
"2022-2023","2023-06","FLU A",818,777,58
"2022-2023","2023-06","A",818,777,5
"2022-2023","2023-06","A(H3N2)",818,777,17
"2022-2023","2023-06","A(H1N1)pdm2009",818,777,36
"2022-2023","2023-06","FLU B",818,777,68
"2022-2023","2023-06","SARS-CoV-2",818,777,42
"2022-2023","2023-06","Rhinovirus",818,777,39
"2022-2023","2023-06","RSV",818,777,84
"2022-2023","2023-06","Parainfluenzali",818,777,3
"2022-2023","2023-06","Adenovirus",818,777,12
"2022-2023","2023-06","Generic coronavirus",818,777,2
"2022-2023","2023-06","Bocavirus",818,777,5
"2022-2023","2023-06","Metapneumovirus",818,777,45
"2022-2023","2023-07","FLU A",955,897,62
"2022-2023","2023-07","A",955,897,3
"2022-2023","2023-07","A(H3N2)",955,897,11
"2022-2023","2023-07","A(H1N1)pdm2009",955,897,48
"2022-2023","2023-07","FLU B",955,897,96
"2022-2023","2023-07","SARS-CoV-2",955,897,59
"2022-2023","2023-07","Rhinovirus",955,897,53
"2022-2023","2023-07","RSV",955,897,66
"2022-2023","2023-07","Parainfluenzali",955,897,7
"2022-2023","2023-07","Adenovirus",955,897,18
"2022-2023","2023-07","Generic coronavirus",955,897,6
"2022-2023","2023-07","Bocavirus",955,897,1
"2022-2023","2023-07","Metapneumovirus",955,897,56
"2022-2023","2023-08","FLU A",1000,945,67
"2022-2023","2023-08","A",1000,945,4
"2022-2023","2023-08","A(H3N2)",1000,945,17
"2022-2023","2023-08","A(H1N1)pdm2009",1000,945,46
"2022-2023","2023-08","FLU B",1000,945,158
"2022-2023","2023-08","SARS-CoV-2",1000,945,36
"2022-2023","2023-08","Rhinovirus",1000,945,67
"2022-2023","2023-08","RSV",1000,945,47
"2022-2023","2023-08","Parainfluenzali",1000,945,12
"2022-2023","2023-08","Adenovirus",1000,945,29
"2022-2023","2023-08","Generic coronavirus",1000,945,5
"2022-2023","2023-08","Bocavirus",1000,945,0
"2022-2023","2023-08","Metapneumovirus",1000,945,38
"2022-2023","2023-09","FLU A",922,882,41
"2022-2023","2023-09","A",922,882,1
"2022-2023","2023-09","A(H3N2)",922,882,8
"2022-2023","2023-09","A(H1N1)pdm2009",922,882,32
"2022-2023","2023-09","FLU B",922,882,159
"2022-2023","2023-09","SARS-CoV-2",922,882,53
"2022-2023","2023-09","Rhinovirus",922,882,46
"2022-2023","2023-09","RSV",922,882,27
"2022-2023","2023-09","Parainfluenzali",922,882,19
"2022-2023","2023-09","Adenovirus",922,882,14
"2022-2023","2023-09","Generic coronavirus",922,882,3
"2022-2023","2023-09","Bocavirus",922,882,1
"2022-2023","2023-09","Metapneumovirus",922,882,32
"2022-2023","2023-10","FLU A",929,855,48
"2022-2023","2023-10","A",929,855,5
"2022-2023","2023-10","A(H3N2)",929,855,7
"2022-2023","2023-10","A(H1N1)pdm2009",929,855,36
"2022-2023","2023-10","FLU B",929,855,137
"2022-2023","2023-10","SARS-CoV-2",929,855,27
"2022-2023","2023-10","Rhinovirus",929,855,44
"2022-2023","2023-10","RSV",929,855,31
"2022-2023","2023-10","Parainfluenzali",929,855,16
"2022-2023","2023-10","Adenovirus",929,855,29
"2022-2023","2023-10","Generic coronavirus",929,855,13
"2022-2023","2023-10","Bocavirus",929,855,0
"2022-2023","2023-10","Metapneumovirus",929,855,38
"2022-2023","2023-11","FLU A",866,819,41
"2022-2023","2023-11","A",866,819,12
"2022-2023","2023-11","A(H3N2)",866,819,3
"2022-2023","2023-11","A(H1N1)pdm2009",866,819,26
"2022-2023","2023-11","FLU B",866,819,129
"2022-2023","2023-11","SARS-CoV-2",866,819,47
"2022-2023","2023-11","Rhinovirus",866,819,54
"2022-2023","2023-11","RSV",866,819,14
"2022-2023","2023-11","Parainfluenzali",866,819,19
"2022-2023","2023-11","Adenovirus",866,819,35
"2022-2023","2023-11","Generic coronavirus",866,819,5
"2022-2023","2023-11","Bocavirus",866,819,1
"2022-2023","2023-11","Metapneumovirus",866,819,27
"2022-2023","2023-12","FLU A",707,661,40
"2022-2023","2023-12","A",707,661,3
"2022-2023","2023-12","A(H3N2)",707,661,2
"2022-2023","2023-12","A(H1N1)pdm2009",707,661,35
"2022-2023","2023-12","FLU B",707,661,116
"2022-2023","2023-12","SARS-CoV-2",707,661,54
"2022-2023","2023-12","Rhinovirus",707,661,32
"2022-2023","2023-12","RSV",707,661,8
"2022-2023","2023-12","Parainfluenzali",707,661,22
"2022-2023","2023-12","Adenovirus",707,661,15
"2022-2023","2023-12","Generic coronavirus",707,661,2
"2022-2023","2023-12","Bocavirus",707,661,3
"2022-2023","2023-12","Metapneumovirus",707,661,20
"2022-2023","2023-13","FLU A",694,661,17
"2022-2023","2023-13","A",694,661,1
"2022-2023","2023-13","A(H3N2)",694,661,1
"2022-2023","2023-13","A(H1N1)pdm2009",694,661,15
"2022-2023","2023-13","FLU B",694,661,82
"2022-2023","2023-13","SARS-CoV-2",694,661,35
"2022-2023","2023-13","Rhinovirus",694,661,47
"2022-2023","2023-13","RSV",694,661,9
"2022-2023","2023-13","Parainfluenzali",694,661,13
"2022-2023","2023-13","Adenovirus",694,661,37
"2022-2023","2023-13","Generic coronavirus",694,661,5
"2022-2023","2023-13","Bocavirus",694,661,0
"2022-2023","2023-13","Metapneumovirus",694,661,19
"2022-2023","2023-14","FLU A",542,511,20
"2022-2023","2023-14","A",542,511,2
"2022-2023","2023-14","A(H3N2)",542,511,0
"2022-2023","2023-14","A(H1N1)pdm2009",542,511,18
"2022-2023","2023-14","FLU B",542,511,45
"2022-2023","2023-14","SARS-CoV-2",542,511,18
"2022-2023","2023-14","Rhinovirus",542,511,40
"2022-2023","2023-14","RSV",542,511,3
"2022-2023","2023-14","Parainfluenzali",542,511,24
"2022-2023","2023-14","Adenovirus",542,511,25
"2022-2023","2023-14","Generic coronavirus",542,511,6
"2022-2023","2023-14","Bocavirus",542,511,1
"2022-2023","2023-14","Metapneumovirus",542,511,13
"2022-2023","2023-15","FLU A",514,476,12
"2022-2023","2023-15","A",514,476,2
"2022-2023","2023-15","A(H3N2)",514,476,1
"2022-2023","2023-15","A(H1N1)pdm2009",514,476,9
"2022-2023","2023-15","FLU B",514,476,42
"2022-2023","2023-15","SARS-CoV-2",514,476,21
"2022-2023","2023-15","Rhinovirus",514,476,40
"2022-2023","2023-15","RSV",514,476,3
"2022-2023","2023-15","Parainfluenzali",514,476,19
"2022-2023","2023-15","Adenovirus",514,476,22
"2022-2023","2023-15","Generic coronavirus",514,476,8
"2022-2023","2023-15","Bocavirus",514,476,1
"2022-2023","2023-15","Metapneumovirus",514,476,8
"2022-2023","2023-16","FLU A",505,466,8
"2022-2023","2023-16","A",505,466,0
"2022-2023","2023-16","A(H3N2)",505,466,0
"2022-2023","2023-16","A(H1N1)pdm2009",505,466,8
"2022-2023","2023-16","FLU B",505,466,33
"2022-2023","2023-16","SARS-CoV-2",505,466,22
"2022-2023","2023-16","Rhinovirus",505,466,32
"2022-2023","2023-16","RSV",505,466,3
"2022-2023","2023-16","Parainfluenzali",505,466,26
"2022-2023","2023-16","Adenovirus",505,466,30
"2022-2023","2023-16","Generic coronavirus",505,466,5
"2022-2023","2023-16","Bocavirus",505,466,2
"2022-2023","2023-16","Metapneumovirus",505,466,9
"2022-2023","2023-17","FLU A",553,529,11
"2022-2023","2023-17","A",553,529,2
"2022-2023","2023-17","A(H3N2)",553,529,1
"2022-2023","2023-17","A(H1N1)pdm2009",553,529,8
"2022-2023","2023-17","FLU B",553,529,12
"2022-2023","2023-17","SARS-CoV-2",553,529,8
"2022-2023","2023-17","Rhinovirus",553,529,34
"2022-2023","2023-17","RSV",553,529,0
"2022-2023","2023-17","Parainfluenzali",553,529,24
"2022-2023","2023-17","Adenovirus",553,529,34
"2022-2023","2023-17","Generic coronavirus",553,529,5
"2022-2023","2023-17","Bocavirus",553,529,0
"2022-2023","2023-17","Metapneumovirus",553,529,4
"2023-2024","2023-46","FLU A",808,NA,22
"2023-2024","2023-46","A",808,NA,0
"2023-2024","2023-46","A(H3N2)",808,NA,3
"2023-2024","2023-46","A(H1N1)pdm2009",808,NA,19
"2023-2024","2023-46","FLU B",808,NA,0
"2023-2024","2023-46","SARS-CoV-2",808,NA,182
"2023-2024","2023-46","Rhinovirus",808,NA,162
"2023-2024","2023-46","RSV",808,NA,34
"2023-2024","2023-46","Parainfluenzali",808,NA,15
"2023-2024","2023-46","Adenovirus",808,NA,45
"2023-2024","2023-46","Generic coronavirus",808,NA,11
"2023-2024","2023-46","Bocavirus",808,NA,0
"2023-2024","2023-46","Metapneumovirus",808,NA,3
"2023-2024","2023-47","FLU A",994,NA,51
"2023-2024","2023-47","A",994,NA,0
"2023-2024","2023-47","A(H3N2)",994,NA,3
"2023-2024","2023-47","A(H1N1)pdm2009",994,NA,48
"2023-2024","2023-47","FLU B",994,NA,4
"2023-2024","2023-47","SARS-CoV-2",994,NA,333
"2023-2024","2023-47","Rhinovirus",994,NA,175
"2023-2024","2023-47","RSV",994,NA,57
"2023-2024","2023-47","Parainfluenzali",994,NA,11
"2023-2024","2023-47","Adenovirus",994,NA,33
"2023-2024","2023-47","Generic coronavirus",994,NA,10
"2023-2024","2023-47","Bocavirus",994,NA,1
"2023-2024","2023-47","Metapneumovirus",994,NA,3
"2023-2024","2023-48","FLU A",1115,NA,117
"2023-2024","2023-48","A",1115,NA,2
"2023-2024","2023-48","A(H3N2)",1115,NA,5
"2023-2024","2023-48","A(H1N1)pdm2009",1115,NA,110
"2023-2024","2023-48","FLU B",1115,NA,2
"2023-2024","2023-48","SARS-CoV-2",1115,NA,418
"2023-2024","2023-48","Rhinovirus",1115,NA,171
"2023-2024","2023-48","RSV",1115,NA,101
"2023-2024","2023-48","Parainfluenzali",1115,NA,13
"2023-2024","2023-48","Adenovirus",1115,NA,40
"2023-2024","2023-48","Generic coronavirus",1115,NA,17
"2023-2024","2023-48","Bocavirus",1115,NA,3
"2023-2024","2023-48","Metapneumovirus",1115,NA,7
"2023-2024","2023-49","FLU A",1003,NA,162
"2023-2024","2023-49","A",1003,NA,10
"2023-2024","2023-49","A(H3N2)",1003,NA,2
"2023-2024","2023-49","A(H1N1)pdm2009",1003,NA,150
"2023-2024","2023-49","FLU B",1003,NA,2
"2023-2024","2023-49","SARS-CoV-2",1003,NA,402
"2023-2024","2023-49","Rhinovirus",1003,NA,128
"2023-2024","2023-49","RSV",1003,NA,118
"2023-2024","2023-49","Parainfluenzali",1003,NA,12
"2023-2024","2023-49","Adenovirus",1003,NA,36
"2023-2024","2023-49","Generic coronavirus",1003,NA,25
"2023-2024","2023-49","Bocavirus",1003,NA,5
"2023-2024","2023-49","Metapneumovirus",1003,NA,6
"2023-2024","2023-50","FLU A",1531,NA,494
"2023-2024","2023-50","A",1531,NA,28
"2023-2024","2023-50","A(H3N2)",1531,NA,7
"2023-2024","2023-50","A(H1N1)pdm2009",1531,NA,459
"2023-2024","2023-50","FLU B",1531,NA,7
"2023-2024","2023-50","SARS-CoV-2",1531,NA,521
"2023-2024","2023-50","Rhinovirus",1531,NA,150
"2023-2024","2023-50","RSV",1531,NA,170
"2023-2024","2023-50","Parainfluenzali",1531,NA,14
"2023-2024","2023-50","Adenovirus",1531,NA,52
"2023-2024","2023-50","Generic coronavirus",1531,NA,25
"2023-2024","2023-50","Bocavirus",1531,NA,3
"2023-2024","2023-50","Metapneumovirus",1531,NA,10
"2023-2024","2023-51","FLU A",941,NA,798
"2023-2024","2023-51","A",941,NA,61
"2023-2024","2023-51","A(H3N2)",941,NA,25
"2023-2024","2023-51","A(H1N1)pdm2009",941,NA,712
"2023-2024","2023-51","FLU B",941,NA,8
"2023-2024","2023-51","SARS-CoV-2",941,NA,438
"2023-2024","2023-51","Rhinovirus",941,NA,148
"2023-2024","2023-51","RSV",941,NA,224
"2023-2024","2023-51","Parainfluenzali",941,NA,18
"2023-2024","2023-51","Adenovirus",941,NA,38
"2023-2024","2023-51","Generic coronavirus",941,NA,24
"2023-2024","2023-51","Bocavirus",941,NA,3
"2023-2024","2023-51","Metapneumovirus",941,NA,13
"2023-2024","2023-52","FLU A",1461,NA,1173
"2023-2024","2023-52","A",1461,NA,198
"2023-2024","2023-52","A(H3N2)",1461,NA,22
"2023-2024","2023-52","A(H1N1)pdm2009",1461,NA,953
"2023-2024","2023-52","FLU B",1461,NA,9
"2023-2024","2023-52","SARS-CoV-2",1461,NA,350
"2023-2024","2023-52","Rhinovirus",1461,NA,88
"2023-2024","2023-52","RSV",1461,NA,262
"2023-2024","2023-52","Parainfluenzali",1461,NA,17
"2023-2024","2023-52","Adenovirus",1461,NA,42
"2023-2024","2023-52","Generic coronavirus",1461,NA,30
"2023-2024","2023-52","Bocavirus",1461,NA,7
"2023-2024","2023-52","Metapneumovirus",1461,NA,12
"2023-2024","2024-01","FLU A",2295,NA,1145
"2023-2024","2024-01","A",2295,NA,236
"2023-2024","2024-01","A(H3N2)",2295,NA,35
"2023-2024","2024-01","A(H1N1)pdm2009",2295,NA,874
"2023-2024","2024-01","FLU B",2295,NA,8
"2023-2024","2024-01","SARS-CoV-2",2295,NA,344
"2023-2024","2024-01","Rhinovirus",2295,NA,91
"2023-2024","2024-01","RSV",2295,NA,272
"2023-2024","2024-01","Parainfluenzali",2295,NA,8
"2023-2024","2024-01","Adenovirus",2295,NA,36
"2023-2024","2024-01","Generic coronavirus",2295,NA,30
"2023-2024","2024-01","Bocavirus",2295,NA,7
"2023-2024","2024-01","Metapneumovirus",2295,NA,13
"2023-2024","2024-02","FLU A",2679,NA,974
"2023-2024","2024-02","A",2679,NA,155
"2023-2024","2024-02","A(H3N2)",2679,NA,33
"2023-2024","2024-02","A(H1N1)pdm2009",2679,NA,786
"2023-2024","2024-02","FLU B",2679,NA,7
"2023-2024","2024-02","SARS-CoV-2",2679,NA,222
"2023-2024","2024-02","Rhinovirus",2679,NA,118
"2023-2024","2024-02","RSV",2679,NA,302
"2023-2024","2024-02","Parainfluenzali",2679,NA,5
"2023-2024","2024-02","Adenovirus",2679,NA,40
"2023-2024","2024-02","Generic coronavirus",2679,NA,42
"2023-2024","2024-02","Bocavirus",2679,NA,16
"2023-2024","2024-02","Metapneumovirus",2679,NA,18
"2023-2024","2024-03","FLU A",3367,NA,717
"2023-2024","2024-03","A",3367,NA,108
"2023-2024","2024-03","A(H3N2)",3367,NA,24
"2023-2024","2024-03","A(H1N1)pdm2009",3367,NA,585
"2023-2024","2024-03","FLU B",3367,NA,16
"2023-2024","2024-03","SARS-CoV-2",3367,NA,167
"2023-2024","2024-03","Rhinovirus",3367,NA,113
"2023-2024","2024-03","RSV",3367,NA,329
"2023-2024","2024-03","Parainfluenzali",3367,NA,15
"2023-2024","2024-03","Adenovirus",3367,NA,23
"2023-2024","2024-03","Generic coronavirus",3367,NA,32
"2023-2024","2024-03","Bocavirus",3367,NA,10
"2023-2024","2024-03","Metapneumovirus",3367,NA,22
"2023-2024","2024-04","FLU A",3151,NA,511
"2023-2024","2024-04","A",3151,NA,77
"2023-2024","2024-04","A(H3N2)",3151,NA,22
"2023-2024","2024-04","A(H1N1)pdm2009",3151,NA,412
"2023-2024","2024-04","FLU B",3151,NA,23
"2023-2024","2024-04","SARS-CoV-2",3151,NA,128
"2023-2024","2024-04","Rhinovirus",3151,NA,130
"2023-2024","2024-04","RSV",3151,NA,445
"2023-2024","2024-04","Parainfluenzali",3151,NA,7
"2023-2024","2024-04","Adenovirus",3151,NA,37
"2023-2024","2024-04","Generic coronavirus",3151,NA,61
"2023-2024","2024-04","Bocavirus",3151,NA,12
"2023-2024","2024-04","Metapneumovirus",3151,NA,22
"2023-2024","2024-05","FLU A",2781,NA,371
"2023-2024","2024-05","A",2781,NA,50
"2023-2024","2024-05","A(H3N2)",2781,NA,22
"2023-2024","2024-05","A(H1N1)pdm2009",2781,NA,299
"2023-2024","2024-05","FLU B",2781,NA,27
"2023-2024","2024-05","SARS-CoV-2",2781,NA,75
"2023-2024","2024-05","Rhinovirus",2781,NA,110
"2023-2024","2024-05","RSV",2781,NA,425
"2023-2024","2024-05","Parainfluenzali",2781,NA,8
"2023-2024","2024-05","Adenovirus",2781,NA,43
"2023-2024","2024-05","Generic coronavirus",2781,NA,65
"2023-2024","2024-05","Bocavirus",2781,NA,21
"2023-2024","2024-05","Metapneumovirus",2781,NA,28
"2023-2024","2024-06","FLU A",2942,NA,270
"2023-2024","2024-06","A",2942,NA,35
"2023-2024","2024-06","A(H3N2)",2942,NA,24
"2023-2024","2024-06","A(H1N1)pdm2009",2942,NA,211
"2023-2024","2024-06","FLU B",2942,NA,63
"2023-2024","2024-06","SARS-CoV-2",2942,NA,65
"2023-2024","2024-06","Rhinovirus",2942,NA,150
"2023-2024","2024-06","RSV",2942,NA,410
"2023-2024","2024-06","Parainfluenzali",2942,NA,22
"2023-2024","2024-06","Adenovirus",2942,NA,42
"2023-2024","2024-06","Generic coronavirus",2942,NA,71
"2023-2024","2024-06","Bocavirus",2942,NA,24
"2023-2024","2024-06","Metapneumovirus",2942,NA,47
"2023-2024","2024-07","FLU A",2679,NA,168
"2023-2024","2024-07","A",2679,NA,26
"2023-2024","2024-07","A(H3N2)",2679,NA,21
"2023-2024","2024-07","A(H1N1)pdm2009",2679,NA,121
"2023-2024","2024-07","FLU B",2679,NA,59
"2023-2024","2024-07","SARS-CoV-2",2679,NA,60
"2023-2024","2024-07","Rhinovirus",2679,NA,130
"2023-2024","2024-07","RSV",2679,NA,343
"2023-2024","2024-07","Parainfluenzali",2679,NA,19
"2023-2024","2024-07","Adenovirus",2679,NA,44
"2023-2024","2024-07","Generic coronavirus",2679,NA,65
"2023-2024","2024-07","Bocavirus",2679,NA,14
"2023-2024","2024-07","Metapneumovirus",2679,NA,46
"2023-2024","2024-08","FLU A",2520,NA,110
"2023-2024","2024-08","A",2520,NA,18
"2023-2024","2024-08","A(H3N2)",2520,NA,16
"2023-2024","2024-08","A(H1N1)pdm2009",2520,NA,76
"2023-2024","2024-08","FLU B",2520,NA,70
"2023-2024","2024-08","SARS-CoV-2",2520,NA,41
"2023-2024","2024-08","Rhinovirus",2520,NA,129
"2023-2024","2024-08","RSV",2520,NA,243
"2023-2024","2024-08","Parainfluenzali",2520,NA,13
"2023-2024","2024-08","Adenovirus",2520,NA,48
"2023-2024","2024-08","Generic coronavirus",2520,NA,54
"2023-2024","2024-08","Bocavirus",2520,NA,12
"2023-2024","2024-08","Metapneumovirus",2520,NA,61
"2023-2024","2024-09","FLU A",2267,NA,59
"2023-2024","2024-09","A",2267,NA,14
"2023-2024","2024-09","A(H3N2)",2267,NA,16
"2023-2024","2024-09","A(H1N1)pdm2009",2267,NA,29
"2023-2024","2024-09","FLU B",2267,NA,62
"2023-2024","2024-09","SARS-CoV-2",2267,NA,17
"2023-2024","2024-09","Rhinovirus",2267,NA,146
"2023-2024","2024-09","RSV",2267,NA,183
"2023-2024","2024-09","Parainfluenzali",2267,NA,12
"2023-2024","2024-09","Adenovirus",2267,NA,39
"2023-2024","2024-09","Generic coronavirus",2267,NA,53
"2023-2024","2024-09","Bocavirus",2267,NA,16
"2023-2024","2024-09","Metapneumovirus",2267,NA,90
"2023-2024","2024-10","FLU A",2267,NA,54
"2023-2024","2024-10","A",2267,NA,6
"2023-2024","2024-10","A(H3N2)",2267,NA,25
"2023-2024","2024-10","A(H1N1)pdm2009",2267,NA,23
"2023-2024","2024-10","FLU B",2267,NA,64
"2023-2024","2024-10","SARS-CoV-2",2267,NA,17
"2023-2024","2024-10","Rhinovirus",2267,NA,153
"2023-2024","2024-10","RSV",2267,NA,125
"2023-2024","2024-10","Parainfluenzali",2267,NA,25
"2023-2024","2024-10","Adenovirus",2267,NA,47
"2023-2024","2024-10","Generic coronavirus",2267,NA,47
"2023-2024","2024-10","Bocavirus",2267,NA,16
"2023-2024","2024-10","Metapneumovirus",2267,NA,115
"2023-2024","2024-11","FLU A",2242,NA,27
"2023-2024","2024-11","A",2242,NA,5
"2023-2024","2024-11","A(H3N2)",2242,NA,7
"2023-2024","2024-11","A(H1N1)pdm2009",2242,NA,15
"2023-2024","2024-11","FLU B",2242,NA,57
"2023-2024","2024-11","SARS-CoV-2",2242,NA,15
"2023-2024","2024-11","Rhinovirus",2242,NA,167
"2023-2024","2024-11","RSV",2242,NA,85
"2023-2024","2024-11","Parainfluenzali",2242,NA,45
"2023-2024","2024-11","Adenovirus",2242,NA,50
"2023-2024","2024-11","Generic coronavirus",2242,NA,60
"2023-2024","2024-11","Bocavirus",2242,NA,15
"2023-2024","2024-11","Metapneumovirus",2242,NA,115
"2023-2024","2024-12","FLU A",2075,NA,19
"2023-2024","2024-12","A",2075,NA,4
"2023-2024","2024-12","A(H3N2)",2075,NA,4
"2023-2024","2024-12","A(H1N1)pdm2009",2075,NA,11
"2023-2024","2024-12","FLU B",2075,NA,54
"2023-2024","2024-12","SARS-CoV-2",2075,NA,12
"2023-2024","2024-12","Rhinovirus",2075,NA,123
"2023-2024","2024-12","RSV",2075,NA,54
"2023-2024","2024-12","Parainfluenzali",2075,NA,32
"2023-2024","2024-12","Adenovirus",2075,NA,49
"2023-2024","2024-12","Generic coronavirus",2075,NA,39
"2023-2024","2024-12","Bocavirus",2075,NA,9
"2023-2024","2024-12","Metapneumovirus",2075,NA,106
